target_0,prediction_0
8.039999961853027,7.917913122177125
7.300000190734863,7.317656440734864
9.5,9.72127862930298
4.889999866485596,4.7769207191467284
10.529999732971191,10.968482208251954
7.800000190734863,7.611377592086793
2.369999885559082,2.2813392692804335
8.649999618530273,8.650618915557862
6.800000190734863,6.779882874488831
3.640000104904175,3.7813388562202452
9.399999618530273,9.502619514465334
9.260000228881836,9.718759841918947
4.199999809265137,4.201283235549927
7.670000076293945,8.05642981529236
6.0,5.6124948883056645
8.789999961853027,9.087105855941774
9.699999809265137,9.699158411026001
7.130000114440918,7.3496185874938975
3.180000066757202,3.132139298915863
4.940000057220459,5.132323727607727
9.199999809265137,9.39643364906311
4.239999771118164,4.0954997563362125
8.5,8.562562952041628
5.0,5.041766228675843
8.09000015258789,8.434926500320435
9.460000038146973,9.952907390594484
5.150000095367432,5.382497396469117
6.119999885559082,6.253621482849122
10.229999542236328,10.69467046737671
5.809999942779541,5.546087269783021
9.640000343322754,9.809801673889162
9.100000381469727,8.344767074584961
9.210000038146973,9.603618288040161
5.03000020980835,5.051310081481934
7.400000095367432,7.746036872863771
3.7200000286102295,3.7428383731842043
6.599999904632568,7.110058393478394
4.340000152587891,4.344948682785034
8.989999771118164,8.906799783706667
3.9000000953674316,3.7693270134925845
9.300000190734863,9.28221667289734
5.199999809265137,5.007141208648682
9.319999694824219,9.51315152168274
2.619999885559082,2.468339065313339
10.710000038146973,10.710720548629762
7.400000095367432,7.379552030563356
11.8100004196167,11.746137685775759
4.599999904632568,4.315930712223053
5.460000038146973,5.0795985174179075
8.119999885559082,8.63980320930481
8.4399995803833,8.93896767616272
9.479999542236328,9.899246101379395
4.679999828338623,4.5857759380340575
4.039999961853027,4.126797223091126
8.300000190734863,8.22302248954773
4.480000019073486,4.464859127998352
7.630000114440918,7.8266981315612805
5.389999866485596,5.449014277458192
9.210000038146973,9.781841983795168
4.03000020980835,3.4861493706703186
7.940000057220459,8.114214963912964
6.03000020980835,5.885480451583863
3.7100000381469727,4.176831924915314
3.700000047683716,3.7981969046592714
3.640000104904175,3.339320423603058
10.0600004196167,10.349210662841799
6.0,6.217081813812257
3.5,3.4027400970458985
10.680000305175781,10.978967571258547
2.309999942779541,2.2226202780008317
5.869999885559082,5.836387419700624
6.400000095367432,7.317864103317262
8.0,7.867998065948488
8.289999961853027,8.294153633117677
10.84000015258789,11.362299280166628
8.319999694824219,8.509201974868775
3.25,3.2870314645767214
5.300000190734863,5.452963061332704
9.539999961853027,9.754548730850221
8.079999923706055,8.198956632614136
11.989999771118164,12.191655712127687
8.520000457763672,8.323260898590089
10.630000114440918,10.871989393234255
7.550000190734863,7.833570165634156
3.059999942779541,2.910091370344162
9.050000190734863,8.966233453750611
6.199999809265137,6.577569999694825
3.75,3.129635047912598
7.28000020980835,7.2892680072784435
7.889999866485596,7.899614534378053
4.929999828338623,4.812826857566834
7.0,6.74521408557892
9.699999809265137,10.285022478103638
7.019999980926514,6.932416472434999
5.579999923706055,5.573319182395936
8.25,8.297415533065797
4.690000057220459,4.853974719047547
3.9000000953674316,3.67628315448761
3.9700000286102295,3.800998592376709
8.260000228881836,8.606596364974976
8.989999771118164,9.24960406303406
8.0,8.334485540390016
8.020000457763672,8.005509033203126
10.800000190734863,10.792967071533205
6.059999942779541,6.019838781356812
5.190000057220459,5.5811183500289925
9.199999809265137,9.351129980087281
8.6899995803833,8.903985795974732
6.199999809265137,7.277013359069826
9.600000381469727,9.853676624298098
4.559999942779541,4.555967411994934
9.899999618530273,10.24997925758362
10.0,10.555939722061158
9.819999694824219,9.94785128593445
10.760000228881836,11.192636394500735
3.299999952316284,3.1356310653686523
6.78000020980835,6.596691250801087
2.259999990463257,2.4085437828302383
7.320000171661377,7.6055163955688485
9.479999542236328,9.86457283973694
9.399999618530273,9.845662765502931
6.079999923706055,5.987338948249818
8.069999694824219,8.268686532974245
7.099999904632568,7.690309820175172
9.899999618530273,10.85853924751282
10.270000457763672,10.099958696365357
6.630000114440918,6.9793862342834485
6.400000095367432,6.557040796279908
8.15999984741211,8.046416006088258
4.010000228881836,4.105306222438812
10.0,10.499941110610964
7.429999828338623,7.8663763809204115
3.5,3.31768853187561
2.7899999618530273,2.509496191740036
9.319999694824219,9.559679441452028
9.0,9.039621410369874
6.230000019073486,6.440215578079225
3.5,3.710379433631897
3.4700000286102295,3.0787466132640837
3.4000000953674316,3.0522013449668886
3.799999952316284,3.609962594509125
3.759999990463257,3.807549388408661
2.690000057220459,2.355823245048523
7.5,7.343026418685914
10.239999771118164,10.685893688201906
8.199999809265137,8.609175214767458
6.0,5.4344616031646735
7.840000152587891,8.56290415763855
5.28000020980835,5.565539503097535
8.800000190734863,8.97795265197754
7.75,8.367027225494386
4.150000095367432,4.217513024806976
6.019999980926514,6.3969156932830815
7.090000152587891,6.896561131477357
10.760000228881836,11.227985677719117
4.440000057220459,4.475390176773072
6.599999904632568,6.581134128570557
7.440000057220459,7.272420501708985
2.680000066757202,2.466294866800308
4.0,4.1292409324646
3.130000114440918,3.429446303844452
6.900000095367432,6.802454199790955
9.140000343322754,9.290008172988893
4.320000171661377,4.4532348155975345
3.0,2.8599237644672395
11.970000267028809,12.186232204437257
8.25,8.590444688796998
4.869999885559082,4.884172053337097
7.760000228881836,7.848389606475831
8.300000190734863,8.46383568763733
2.880000114440918,2.588480894565582
9.34000015258789,9.610581693649292
9.989999771118164,10.428309659957886
7.199999809265137,6.7676857328414926
5.300000190734863,4.852211503982544
8.399999618530273,8.500937004089357
11.800000190734863,11.829722833633424
7.929999828338623,8.333199310302735
9.479999542236328,9.49996590614319
3.7899999618530273,3.6067930245399475
8.199999809265137,8.179137954711916
4.670000076293945,4.635501222610474
10.779999732971191,10.859923238754273
2.5,2.2158954048156736
8.0,7.962079439163209
5.150000095367432,5.048292584419251
10.800000190734863,10.979073638916017
6.099999904632568,6.143724207878114
7.099999904632568,7.079067149162293
8.199999809265137,8.71123019218445
4.059999942779541,4.216281106472016
2.630000114440918,2.3373268985748292
8.5,8.837741432189942
6.610000133514404,6.436858153343201
7.550000190734863,7.773679637908937
8.960000038146973,9.460262098312379
3.0199999809265137,3.0342230367660523
7.03000020980835,6.788421640396119
10.84000015258789,10.870600290298464
3.859999895095825,4.052931163311005
10.079999923706055,10.412247438430787
5.170000076293945,5.248376441001892
5.5,5.490364050865174
6.900000095367432,7.311371612548829
10.9399995803833,11.367393722534182
8.010000228881836,7.974064445495607
6.5,6.448726868629456
5.510000228881836,5.686485385894776
6.670000076293945,6.7449259138107305
9.699999809265137,10.061294479370119
11.289999961853027,11.49294460296631
4.599999904632568,4.632604169845581
5.699999809265137,5.830599064826966
2.630000114440918,2.3747720164060593
5.789999961853027,5.6533223104476935
4.690000057220459,4.441558108329773
9.119999885559082,9.291157665252687
3.809999942779541,3.683559491634369
9.0,8.973760423660279
6.599999904632568,7.043815627098084
9.380000114440918,9.55953886985779
8.739999771118164,8.638549566268923
3.4100000858306885,3.2976243329048156
2.9600000381469727,2.832000974416733
3.799999952316284,4.666103658676148
4.869999885559082,4.916657829284668
5.289999961853027,4.923070769309998
11.210000038146973,11.44175226211548
10.399999618530273,10.762786989212037
4.119999885559082,3.9319098830223083
2.450000047683716,2.3179051357507703
9.479999542236328,9.897950286865235
5.340000152587891,5.319706301689148
5.900000095367432,5.573724284172059
7.659999847412109,7.043667387962342
4.5,4.424293520450592
5.909999847412109,5.8282109451293955
4.400000095367432,4.260545663833618
8.979999542236328,9.38412660598755
2.7300000190734863,2.6644219827651976
4.0,3.820160417556763
7.639999866485596,8.008606719970704
5.199999809265137,5.935047912597657
7.5,7.881479520797731
7.630000114440918,8.013637266159058
4.75,4.749719796180726
3.700000047683716,3.1599454784393313
4.800000190734863,4.7693963050842285
8.600000381469727,9.098280658721926
2.009999990463257,2.040108250081539
9.0,9.190571660995484
11.180000305175781,11.357960729599
7.900000095367432,8.082948007583619
10.300000190734863,10.624246015548707
3.859999895095825,3.6292867159843447
9.800000190734863,10.257546482086182
6.230000019073486,6.519138541221619
8.210000038146973,8.209502696990969
4.400000095367432,4.396917202472687
6.5,6.93242030620575
10.399999618530273,10.578374309539797
8.140000343322754,8.2811775970459
7.0,7.497237930297852
10.960000038146973,11.337865381240846
10.899999618530273,11.292561712265016
9.279999732971191,9.647404422760012
9.390000343322754,9.85082621574402
5.230000019073486,4.8547124004364015
3.9000000953674316,4.110488362312317
6.489999771118164,6.723303127288819
6.099999904632568,6.054678812026978
3.9600000381469727,3.8860688471794127
3.5999999046325684,3.491009314060211
2.630000114440918,2.3661628049612045
7.789999961853027,7.790480499267579
10.600000381469727,10.724974508285523
10.979999542236328,11.46048662185669
8.800000190734863,9.36613344192505
7.599999904632568,7.408053560256959
3.440000057220459,3.3512835454940797
9.710000038146973,10.14510901451111
7.199999809265137,7.296376457214357
10.609999656677246,10.944616346359254
8.640000343322754,8.51144856452942
8.680000305175781,8.70053716659546
8.760000228881836,8.361933422088624
4.409999847412109,4.694029483795166
7.300000190734863,7.713839588165285
8.699999809265137,9.23372458457947
4.840000152587891,4.902607378959656
9.279999732971191,9.813510847091676
7.099999904632568,7.375299739837647
4.889999866485596,4.28003000497818
5.949999809265137,5.872141485214234
9.850000381469727,10.38805251121521
10.15999984741211,10.471251087188723
3.5,3.750523326396942
7.010000228881836,7.100542016029359
4.239999771118164,3.9021786713600157
7.340000152587891,7.749344139099122
10.539999961853027,10.838537826538087
10.079999923706055,10.26985224723816
6.0,5.770090341567994
7.300000190734863,8.378869743347169
4.28000020980835,4.370135917663574
6.75,6.793116412162782
5.300000190734863,4.726660943031312
5.349999904632568,5.519344482421876
6.179999828338623,6.100708661079407
9.789999961853027,10.234846725463868
3.299999952316284,2.528661690950394
6.800000190734863,6.645974373817444
10.210000038146973,10.236088867187501
9.430000305175781,10.451013889312746
6.099999904632568,5.664834165573121
2.2699999809265137,2.1629100173711775
8.899999618530273,9.180506734848024
4.96999979019165,4.66595190525055
2.0,2.0378618600964544
10.760000228881836,11.165605754852296
8.390000343322754,8.123909931182862
6.699999809265137,6.867411694526673
10.350000381469727,10.883718175888063
4.46999979019165,4.101113994121552
5.820000171661377,6.010181512832642
8.4399995803833,8.535854988098146
8.350000381469727,9.008974246978761
10.789999961853027,10.887104673385622
8.229999542236328,8.01599503517151
6.0,5.989336981773377
8.899999618530273,8.713009700775148
2.819999933242798,2.894620028734207
9.300000190734863,9.54179617881775
4.099999904632568,3.695394661426544
5.150000095367432,4.711768660545349
10.729999542236328,10.897604093551637
7.0,7.165641040802003
10.59000015258789,10.403565225601197
6.860000133514404,7.090587949752808
9.600000381469727,9.810754365921023
5.900000095367432,5.4758283090591435
7.949999809265137,8.353460788726808
4.260000228881836,4.6989897441864015
2.630000114440918,2.40056941986084
7.75,7.714491329193116
2.630000114440918,2.4360056817531586
9.100000381469727,9.255230760574342
8.5,9.029410800933839
7.349999904632568,7.930327510833742
2.2799999713897705,2.284157490134239
7.699999809265137,7.534504098892213
9.0600004196167,9.467099628448487
6.650000095367432,6.793718953132631
6.099999904632568,6.490237340927125
6.599999904632568,7.179330797195435
3.569999933242798,3.5438137555122378
7.300000190734863,7.201136646270753
4.090000152587891,3.9358380603790284
6.269999980926514,6.206039595603944
10.15999984741211,10.611988811492921
4.239999771118164,3.882285554409027
3.890000104904175,3.837230122089386
3.700000047683716,3.691409935951233
8.600000381469727,8.648913526535035
8.600000381469727,9.451802883148195
9.050000190734863,9.15554313659668
9.739999771118164,9.943379192352296
6.550000190734863,6.761296753883363
9.670000076293945,9.615056343078615
10.779999732971191,11.086805152893067
8.800000190734863,9.384062709808351
6.900000095367432,7.031705703735352
9.0,8.775926351547243
9.619999885559082,9.675071468353273
8.199999809265137,8.236995944976808
9.109999656677246,9.283533573150637
4.71999979019165,4.342290122509003
6.28000020980835,6.466681375503541
7.699999809265137,8.083894309997559
3.5999999046325684,3.287714993953705
3.9200000762939453,3.8426015543937684
5.25,5.254365749359131
10.75,11.234525451660158
7.460000038146973,8.065108833312989
4.150000095367432,3.8772083640098574
7.900000095367432,8.296567630767823
9.239999771118164,9.590454397201539
9.829999923706055,10.331402797698976
6.199999809265137,6.327289624214173
6.96999979019165,7.273467121124269
2.8499999046325684,2.8080358338356017
9.579999923706055,9.400144739151003
8.600000381469727,8.693357152938844
9.319999694824219,9.483187408447266
8.859999656677246,8.93789613723755
5.619999885559082,5.764693350791932
4.760000228881836,4.651185178756714
6.699999809265137,6.735958724021913
4.400000095367432,4.3774838185310365
10.0600004196167,10.635124340057374
7.699999809265137,7.9904110050201425
7.400000095367432,7.490744161605836
10.229999542236328,11.447263307571413
3.8499999046325684,3.9606869649887084
9.09000015258789,9.176338148117066
9.729999542236328,9.860982513427736
4.079999923706055,3.8188705134391787
6.0,5.6800047159194955
7.03000020980835,6.936253118515015
9.140000343322754,9.788278884887697
5.199999809265137,5.045408310890198
7.320000171661377,7.483052978515626
3.859999895095825,3.9889346671104433
10.779999732971191,10.95707865715027
7.949999809265137,7.920028085708619
9.0,9.481781692504883
7.650000095367432,7.947994804382326
6.699999809265137,6.5799980545043955
9.100000381469727,9.460434617996217
3.549999952316284,3.5190313029289246
9.0,9.345676441192628
8.100000381469727,8.985892391204835
4.0,3.8494017052650453
6.050000190734863,6.202640638351442
8.279999732971191,8.374193181991577
3.4600000381469727,3.48245329618454
5.5,5.510622014999391
6.320000171661377,6.232304120063783
6.599999904632568,6.372163910865784
7.059999942779541,6.835715994834901
3.700000047683716,3.7087821888923647
4.079999923706055,3.2903064632415773
7.329999923706055,8.08844882965088
7.300000190734863,7.601659622192384
7.179999828338623,7.3773271656036385
3.6600000858306885,3.5120595908164978
8.0600004196167,8.11595805168152
7.670000076293945,7.792121992111207
8.779999732971191,8.977238292694093
8.100000381469727,8.590915603637697
3.9000000953674316,3.8487378239631655
3.049999952316284,2.6954875063896178
7.400000095367432,7.312521104812623
8.0,8.086600313186647
5.849999904632568,6.0851199102401745
5.650000095367432,5.803385362625123
10.010000228881836,10.139902114868166
8.100000381469727,8.28713399887085
3.559999942779541,2.9644537603855134
8.699999809265137,8.802137842178347
7.889999866485596,7.922151994705201
6.650000095367432,6.588075489997864
10.399999618530273,10.544331703186037
3.359999895095825,3.201892042160034
2.9000000953674316,2.4806090486049652
9.600000381469727,9.525075187683107
8.800000190734863,9.033446483612062
9.40999984741211,9.427363233566286
9.40999984741211,9.72366195678711
8.75,8.973226251602174
4.889999866485596,5.443028483390809
5.0,4.8942964029312135
4.71999979019165,4.424600062370301
6.739999771118164,7.3075518989563
8.100000381469727,7.993269720077516
7.699999809265137,7.652519063949586
8.84000015258789,8.729558172225953
7.550000190734863,7.573491630554201
7.099999904632568,6.901103830337525
5.829999923706055,6.2072986698150645
3.0999999046325684,2.995460739135742
8.069999694824219,8.379778347015382
8.8100004196167,8.97930277824402
9.100000381469727,9.581867389678957
9.880000114440918,9.863354978561402
4.090000152587891,4.0641058063507085
3.0,3.0260483193397523
4.590000152587891,4.672916908264161
10.649999618530273,10.958662004470826
5.809999942779541,5.589003138542176
7.800000190734863,7.817885570526124
6.21999979019165,6.275118393898011
4.0,3.795141549110413
7.699999809265137,7.948930244445802
4.400000095367432,4.448955368995667
9.300000190734863,9.713696708679201
9.649999618530273,10.126003417968752
5.309999942779541,5.473458399772645
7.71999979019165,7.607811546325685
10.300000190734863,10.77947219848633
7.099999904632568,7.453180875778199
5.920000076293945,5.959765830039979
10.520000457763672,10.636491079330446
9.899999618530273,9.918926763534547
6.449999809265137,6.741326322555543
6.300000190734863,6.916869254112244
3.200000047683716,3.2190337896347048
4.300000190734863,3.910442204475403
6.650000095367432,6.277126331329346
7.0,6.96661690235138
4.309999942779541,4.185700554847718
6.760000228881836,6.795107097625733
3.0,2.9255966567993164
5.96999979019165,5.749668803215028
2.3499999046325684,2.2424092841148378
8.010000228881836,8.153117513656618
9.180000305175781,9.866617517471315
8.5,8.658426389694215
2.609999895095825,2.4365019154548646
5.400000095367432,5.270434360504151
4.400000095367432,4.204571812152863
10.100000381469727,10.32730833053589
5.699999809265137,5.8928847408294684
5.570000171661377,5.592460560798646
8.640000343322754,8.937733201980592
5.090000152587891,5.06959077835083
5.610000133514404,5.454322133064271
2.440000057220459,2.267626190781593
7.599999904632568,7.620678319931031
11.960000038146973,12.118454971313477
4.739999771118164,4.889108672142029
7.050000190734863,6.812359385490418
9.680000305175781,10.014702663421632
9.300000190734863,9.800895185470582
5.800000190734863,5.577765398025513
9.279999732971191,9.780050973892212
7.800000190734863,7.718019037246705
7.980000019073486,8.227257528305055
3.9000000953674316,3.817199628353119
4.699999809265137,4.405654845237732
2.3399999141693115,2.2258007901906964
6.300000190734863,5.6156443309783945
8.399999618530273,8.52045473098755
2.5799999237060547,2.274837912917137
6.199999809265137,6.4289385414123545
3.4700000286102295,3.400003263950348
5.03000020980835,4.8136226844787595
8.489999771118164,9.334687576293947
7.619999885559082,7.9215462589263925
7.699999809265137,7.781852598190309
8.899999618530273,8.948890752792359
6.650000095367432,6.997048735618592
3.799999952316284,3.6170895743370055
6.389999866485596,6.804279713630677
6.46999979019165,6.114630360603333
7.260000228881836,7.672443809509279
7.820000171661377,7.21918667793274
7.699999809265137,8.024359683990479
4.539999961853027,4.229745948314667
9.699999809265137,10.009056158065798
5.400000095367432,5.062242078781128
9.399999618530273,10.158237762451174
9.600000381469727,9.95677374839783
4.630000114440918,4.256156315803528
10.829999923706055,11.303152503967286
4.550000190734863,4.351438138484955
5.210000038146973,5.120896854400635
7.230000019073486,6.707774438858033
5.150000095367432,5.0057859706878665
2.369999885559082,2.262183474302292
2.7100000381469727,2.671294256448746
6.449999809265137,6.783499717712403
9.300000190734863,9.50323419570923
8.0,8.152077283859255
7.53000020980835,7.8237148189544685
7.21999979019165,7.303235073089601
5.269999980926514,4.805160593986511
9.479999542236328,9.475700054168703
9.369999885559082,9.405101165771486
4.670000076293945,4.76588616847992
10.800000190734863,10.870619459152223
3.8299999237060547,3.7176297330856323
8.699999809265137,8.639917583465577
9.380000114440918,9.503034839630129
8.600000381469727,9.193907680511476
10.600000381469727,10.819506988525392
4.130000114440918,4.0372312331199645
7.0,6.877211451530457
4.630000114440918,4.414055755138397
2.5,2.351431820392609
4.300000190734863,3.9672960662841796
2.8499999046325684,2.5621091043949127
8.779999732971191,9.10130997657776
4.539999961853027,4.384910950660705
9.829999923706055,9.807438793182374
3.799999952316284,3.6121887373924255
7.190000057220459,7.2903740501403815
7.269999980926514,7.429327154159547
9.600000381469727,9.979545707702638
9.239999771118164,9.692318964004517
10.100000381469727,10.39632387161255
4.570000171661377,4.739093222618103
4.920000076293945,4.973709769248963
4.340000152587891,4.394974758625031
5.960000038146973,5.889423804283143
10.609999656677246,10.808785848617555
7.909999847412109,8.02707015991211
6.070000171661377,6.2796416044235235
9.710000038146973,10.331393852233887
6.900000095367432,6.623186759948731
3.5999999046325684,3.336042549610138
5.579999923706055,5.461312694549561
11.5,11.375731534957888
2.8499999046325684,2.94803555727005
5.71999979019165,5.310945496559143
6.5,6.437134823799134
3.9000000953674316,3.7307885122299194
3.690000057220459,3.4808336877822876
5.650000095367432,5.572996826171876
8.899999618530273,9.520058698654175
3.9000000953674316,3.82645786523819
6.940000057220459,7.2607300567626964
10.720000267028809,10.930354080200196
6.949999809265137,7.145546970367433
10.989999771118164,11.117468290328981
4.179999828338623,4.126260335445404
5.590000152587891,5.6052608823776255
7.650000095367432,8.246786756515505
8.300000190734863,8.570057973861696
11.859999656677246,11.965238323211672
8.649999618530273,8.873513069152834
6.650000095367432,6.692603569030763
7.710000038146973,8.622464981079103
3.440000057220459,3.324153866767883
3.0999999046325684,2.8457582211494445
5.599999904632568,5.606126356124879
6.21999979019165,6.789436311721802
9.600000381469727,9.831294431686402
2.299999952316284,2.0563188305497166
8.0,8.64212519645691
5.0,5.038268551826477
3.9000000953674316,3.873291847705841
5.440000057220459,5.289826850891114
7.110000133514404,7.381738557815552
5.980000019073486,6.238472337722779
8.65999984741211,8.67125099182129
3.0799999237060547,2.7827771151065828
10.5600004196167,10.622500371932984
4.590000152587891,4.378361592292785
10.989999771118164,11.20436453819275
4.239999771118164,4.059931628704071
3.5,3.1260998320579527
5.900000095367432,6.069327330589295
6.909999847412109,6.841434383392335
7.599999904632568,7.344894104003907
4.900000095367432,4.781439776420593
11.5,11.886518869400026
9.5,9.55956442832947
8.199999809265137,8.501863498687745
7.119999885559082,7.356235036849976
9.800000190734863,10.134756555557253
7.75,8.192897357940675
4.400000095367432,4.243407430648804
10.5,10.7436079120636
9.460000038146973,9.603148012161256
3.5399999618530273,3.4447946453094485
6.800000190734863,6.559414858818055
4.420000076293945,4.029311940670014
3.9600000381469727,4.143743607997894
5.210000038146973,4.619643788337708
6.039999961853027,5.286436839103699
11.180000305175781,11.251799783706666
9.800000190734863,9.890625228881838
8.220000267028809,9.133284263610841
9.899999618530273,10.01044909477234
8.270000457763672,8.544486722946168
8.9399995803833,9.28384283065796
9.59000015258789,9.73662265777588
4.400000095367432,4.275715255737305
3.690000057220459,3.6275752568244934
7.599999904632568,8.378759841918946
6.789999961853027,7.216191864013672
7.900000095367432,8.4234552192688
9.899999618530273,10.115438823699952
8.760000228881836,9.00426893234253
4.820000171661377,4.777845935821533
7.400000095367432,7.494505729675294
4.070000171661377,4.041266117095947
10.960000038146973,11.087433252334597
3.190000057220459,3.2398704934120177
5.28000020980835,5.10166090965271
9.050000190734863,9.38223719596863
3.9200000762939453,3.944529538154602
10.880000114440918,11.067564096450807
9.9399995803833,9.96953956604004
6.599999904632568,6.5433973646163945
6.309999942779541,6.447378020286561
9.619999885559082,9.967355594635011
8.399999618530273,8.263718605041506
4.300000190734863,4.006801795959473
6.5,7.005668010711671
5.900000095367432,6.207874693870545
6.099999904632568,6.126445403099061
4.650000095367432,4.426047630310059
10.220000267028809,10.393752689361573
3.4200000762939453,3.140304751396179
4.409999847412109,4.264487099647522
7.449999809265137,7.307049036026002
6.699999809265137,6.65536231994629
9.5,9.777456789016725
6.889999866485596,6.978048887252808
6.070000171661377,6.306406755447388
7.5,7.6810378456115735
2.569999933242798,2.426718212366104
8.869999885559082,9.01024066925049
7.949999809265137,7.8176753520965585
9.25,9.356150941848757
4.130000114440918,4.283260915279389
5.699999809265137,5.703986229896546
10.3100004196167,10.323743562698365
2.8399999141693115,2.494445526599884
9.300000190734863,9.20900954246521
4.75,4.558120713233948
9.720000267028809,9.700542402267457
10.6899995803833,11.109569444656373
10.449999809265137,10.736039409637453
8.850000381469727,9.248416233062745
4.389999866485596,4.477873821258545
3.380000114440918,3.3345849180221556
4.900000095367432,4.866584630012512
5.070000171661377,4.984274044036866
3.690000057220459,3.6344594311714173
10.279999732971191,10.04930947303772
7.230000019073486,7.288419466018678
5.699999809265137,5.644767570495606
7.889999866485596,7.973369255065919
7.699999809265137,7.129537143707276
7.329999923706055,7.326228113174439
8.34000015258789,8.514698963165284
6.5,6.230733871459962
3.940000057220459,3.911495213508606
5.289999961853027,4.922015843391419
7.900000095367432,8.206829280853272
8.199999809265137,8.31555118560791
9.5,9.784792070388795
9.1899995803833,9.694222431182862
9.350000381469727,9.263920640945436
9.100000381469727,9.369668178558351
6.599999904632568,7.0947178792953505
7.239999771118164,7.307078428268434
11.5,11.663314180374147
7.800000190734863,7.963386754989625
2.950000047683716,2.517976891994476
5.699999809265137,5.633751549720765
10.930000305175781,10.839025354385377
10.029999732971191,10.123540859222413
7.5,7.748500709533692
4.579999923706055,4.546185865402222
8.779999732971191,9.106058101654053
5.050000190734863,4.989989876747131
8.899999618530273,9.273466730117798
3.4000000953674316,3.2309608101844787
7.5,7.448516454696656
8.699999809265137,9.045692825317383
3.7799999713897705,3.635945017337799
8.130000114440918,8.121531076431275
8.600000381469727,8.792770023345948
4.320000171661377,4.154650046825409
5.0,4.6338290596008305
9.899999618530273,10.459529333114626
8.899999618530273,9.107922592163087
6.170000076293945,6.113024010658265
8.369999885559082,8.656306953430176
3.390000104904175,3.26782475233078
4.039999961853027,3.9893229961395265
9.770000457763672,9.48308581352234
9.100000381469727,9.275393838882447
3.0999999046325684,2.9768093645572664
8.800000190734863,8.928557710647585
7.829999923706055,7.579885082244874
10.770000457763672,11.020557594299317
7.949999809265137,8.074778242111208
9.300000190734863,9.732117338180544
4.590000152587891,4.593817911148071
7.510000228881836,7.862895317077638
10.699999809265137,11.081711988449097
9.600000381469727,10.302717247009278
9.170000076293945,9.917930622100831
6.300000190734863,5.9969518089294445
4.199999809265137,3.9829613327980042
3.9000000953674316,3.7484479784965514
4.5,4.1565928101539615
9.109999656677246,9.313848476409913
4.269999980926514,4.245113458633423
7.900000095367432,8.041418046951295
9.100000381469727,9.456014919281007
6.099999904632568,5.6289021492004405
9.180000305175781,9.303517103195192
11.199999809265137,11.454597949981691
4.630000114440918,4.774784350395203
11.880000114440918,12.04001027107239
9.520000457763672,10.014101400375367
4.489999771118164,4.323987541198731
7.199999809265137,7.736946363449098
6.070000171661377,6.04745183467865
10.899999618530273,11.32286255836487
6.630000114440918,6.789211716651917
10.100000381469727,10.474432477951051
3.5299999713897705,2.757306261062622
8.460000038146973,8.908812513351442
4.199999809265137,3.5553423833847044
9.600000381469727,9.749729681015015
7.099999904632568,7.578507480621339
8.989999771118164,9.247807941436768
5.829999923706055,5.7142476367950445
3.5399999618530273,3.4083680725097656
10.479999542236328,10.883678560256959
4.289999961853027,4.458041405677796
8.289999961853027,8.770610189437868
9.229999542236328,9.509312639236452
7.599999904632568,8.019860115051271
8.630000114440918,8.718079862594605
5.199999809265137,4.9217503547668455
5.260000228881836,4.6805806159973145
10.399999618530273,10.949492902755738
9.34000015258789,9.527637424468995
4.539999961853027,4.489445419311523
7.329999923706055,7.279295730590821
7.800000190734863,8.335702762603761
4.230000019073486,4.340909326076508
7.480000019073486,7.816652374267579
5.300000190734863,4.648670544624329
3.950000047683716,3.945708742141724
6.300000190734863,6.39705147266388
8.350000381469727,9.268302001953126
3.700000047683716,3.564957640171051
10.84000015258789,11.117272768020632
8.100000381469727,7.999652948379517
4.78000020980835,4.6865469217300415
7.550000190734863,7.80495234489441
6.690000057220459,6.898267478942872
10.399999618530273,10.840250244140627
3.4100000858306885,3.2451200437545777
8.0,7.813715705871583
8.5,8.63398162841797
11.0,11.390303697586061
2.8399999141693115,2.566501727104187
7.570000171661377,7.889538106918336
9.5,9.840016260147095
8.180000305175781,8.612679281234742
9.40999984741211,9.963806800842287
9.539999961853027,9.895542039871216
3.380000114440918,3.427384374141693
11.529999732971191,11.83531183242798
9.100000381469727,9.589876136779786
9.100000381469727,8.821797418594361
5.800000190734863,6.23598677635193
4.070000171661377,3.9882476234436037
7.099999904632568,7.074586749076844
8.300000190734863,8.307084941864014
9.920000076293945,10.272649621963502
8.619999885559082,9.071076221466065
3.5999999046325684,3.3670639848709105
8.619999885559082,8.885859727859499
4.25,4.307346580028534
5.519999980926514,5.638313417434693
9.569999694824219,9.712716541290284
10.300000190734863,10.321489305496216
6.360000133514404,6.626177101135255
9.130000114440918,9.33434253692627
6.460000038146973,6.371381502151491
3.759999990463257,3.862167363166809
10.760000228881836,10.917848320007325
4.050000190734863,3.9008264684677125
8.34000015258789,8.619169216156006
4.230000019073486,4.327183947563172
8.789999961853027,8.7764483833313
5.800000190734863,5.5208470010757456
6.760000228881836,6.489905080795289
4.0,3.7451233005523683
7.199999809265137,7.2057633686065685
6.409999847412109,6.098919248580933
8.880000114440918,8.97700315475464
7.900000095367432,7.954608058929445
10.3100004196167,10.494784688949586
9.619999885559082,9.717210359573366
4.260000228881836,4.121964755058289
8.59000015258789,8.320858402252199
6.599999904632568,6.994371485710145
4.400000095367432,3.8786401176452636
5.599999904632568,5.3831922674179085
9.699999809265137,9.57554677963257
4.78000020980835,4.494799280166626
11.020000457763672,11.346171245574952
2.609999895095825,2.3287849777936933
4.800000190734863,4.849496555328369
4.210000038146973,4.1635865664482115
8.449999809265137,8.397342767715456
2.799999952316284,2.5667821514606475
4.699999809265137,4.4363397073745725
8.789999961853027,9.261586513519289
9.039999961853027,9.237946205139162
8.5,8.823174381256104
7.5,7.379834451675416
6.900000095367432,6.856231780052186
5.900000095367432,5.531936502456666
9.350000381469727,9.213869485855104
4.150000095367432,3.8421633863449096
8.09000015258789,8.312811317443849
6.699999809265137,7.172545022964479
4.989999771118164,4.667092771530151
8.569999694824219,8.885732574462892
8.890000343322754,9.011862354278566
8.899999618530273,9.025024328231813
9.760000228881836,9.65916515350342
6.5,6.544398617744447
9.600000381469727,9.993745994567872
8.699999809265137,9.251266002655031
6.5,7.102262740135194
3.299999952316284,3.153150279521942
2.819999933242798,2.675604373216629
10.399999618530273,10.673201351165773
7.590000152587891,7.684523382186891
4.599999904632568,4.595844378471375
10.34000015258789,10.872897996902466
6.699999809265137,7.177935304641725
10.699999809265137,11.113479890823365
3.5,3.7115100765228273
11.4399995803833,11.81528804779053
9.960000038146973,10.143695631027223
6.900000095367432,7.069396781921387
4.5,4.322777986526489
2.990000009536743,2.9558476638793945
3.9700000286102295,3.851402294635773
4.25,4.324013578891754
4.699999809265137,4.46988456249237
9.5,9.629172286987306
4.239999771118164,3.7128603625297547
4.849999904632568,5.040725359916687
6.71999979019165,6.770843162536622
10.890000343322754,11.28622576713562
4.789999961853027,4.857408499717713
6.630000114440918,6.833804540634156
10.020000457763672,10.287570018768312
9.600000381469727,9.648272132873537
9.0,9.372455968856812
6.599999904632568,6.717781219482423
7.900000095367432,8.729142847061159
6.809999942779541,6.605332889556886
5.110000133514404,4.718651876449585
9.699999809265137,10.132899732589722
9.0,9.744819259643556
9.729999542236328,9.793064069747926
3.5999999046325684,3.7077898812294006
6.849999904632568,7.199800577163697
4.199999809265137,4.14602917432785
8.449999809265137,8.299869146347048
2.390000104904175,2.334142632484436
8.699999809265137,8.891303043365479
8.3100004196167,8.987812471389772
8.100000381469727,8.395003528594971
7.699999809265137,7.84539351463318
8.880000114440918,9.581829690933228
7.099999904632568,7.272885665893556
3.5299999713897705,3.4231868743896485
5.739999771118164,6.79935874938965
3.559999942779541,3.1622069239616395
10.84000015258789,11.103921022415163
4.639999866485596,4.771116709709168
3.5,3.2620846390724183
5.809999942779541,6.021485705375672
6.820000171661377,6.476544709205628
4.340000152587891,4.415524568557739
8.170000076293945,8.283157739639284
4.5,4.16161345243454
7.119999885559082,6.927226185798646
8.0,7.776992015838624
3.0999999046325684,2.7932098436355592
6.25,6.693739643096925
9.800000190734863,9.850104188919069
7.650000095367432,8.177323303222657
9.649999618530273,9.928623008728028
6.78000020980835,6.784255290031434
7.519999980926514,8.256667022705079
2.2899999618530273,2.183567532300949
7.5,7.592867507934571
6.860000133514404,7.145560388565064
5.5,5.280382037162781
5.590000152587891,5.52030484199524
4.28000020980835,4.136851766109467
2.8499999046325684,2.542861099243164
4.340000152587891,4.189335608482361
8.800000190734863,8.690197486877443
4.599999904632568,4.690789947509765
9.40999984741211,9.55686098098755
4.139999866485596,4.249509036540985
10.449999809265137,11.044479684829714
6.5,6.381981239318849
7.690000057220459,8.16211473464966
9.449999809265137,9.760746660232545
11.800000190734863,12.014145097732545
10.239999771118164,10.339882459640505
9.350000381469727,9.82270167350769
3.6600000858306885,3.538449831008911
4.170000076293945,4.108807573318481
4.599999904632568,4.408856043815613
8.819999694824219,8.96388207435608
7.400000095367432,7.650908241271973
6.019999980926514,6.216610579490663
5.75,5.248933935165406
4.199999809265137,3.9190673899650577
9.619999885559082,10.019943428039552
6.5,6.527150802612305
7.900000095367432,8.515438880920412
9.229999542236328,9.300724840164186
9.84000015258789,10.32223752975464
3.7899999618530273,3.6146541714668277
3.0,2.584064390659332
9.229999542236328,9.73960852622986
3.7899999618530273,3.8425160932540896
6.699999809265137,6.760965452194215
7.599999904632568,8.020225601196291
9.119999885559082,9.271765813827516
3.569999933242798,3.6983231830596925
6.980000019073486,6.866643023490907
3.299999952316284,2.8948275315761567
5.789999961853027,5.155543279647827
10.890000343322754,11.42489133834839
8.0,8.637295923233033
10.850000381469727,11.209213619232179
9.0,9.303284521102906
5.699999809265137,5.800908427238465
5.619999885559082,5.541092824935914
6.5,6.735447235107423
8.0,8.037604084014893
11.34000015258789,11.831192445755006
7.090000152587891,6.845084452629091
8.300000190734863,8.253463268280031
8.539999961853027,8.75148542404175
3.5,3.811411113739014
5.070000171661377,4.887424688339234
6.5,6.386406369209291
9.050000190734863,9.505403470993043
8.949999809265137,9.183598031997683
9.300000190734863,9.531997060775758
4.360000133514404,4.289237923622132
4.570000171661377,4.409888126850128
9.779999732971191,10.11373790740967
6.010000228881836,6.023993949890137
3.5999999046325684,3.3373859667778016
8.59000015258789,9.033257989883424
6.699999809265137,6.711217803955079
5.139999866485596,5.135071263313294
3.809999942779541,3.418400890827179
7.239999771118164,7.485451002120973
9.649999618530273,9.696362953186036
7.860000133514404,8.305522041320803
9.720000267028809,9.541263284683229
4.679999828338623,4.425469529628754
7.099999904632568,6.959308137893678
5.239999771118164,5.294121632575989
10.600000381469727,11.324996690750124
10.8100004196167,11.362004718780518
6.179999828338623,5.986432261466981
4.949999809265137,4.851959114074707
2.009999990463257,2.1562759965658187
7.400000095367432,7.750961990356446
9.760000228881836,10.725734233856203
6.400000095367432,6.179592328071595
8.399999618530273,8.74003203392029
2.4000000953674316,2.3112561392784117
8.199999809265137,8.556214227676392
7.960000038146973,8.06023994445801
8.5,8.466445207595827
7.070000171661377,7.260204191207887
8.850000381469727,9.118937015533449
3.799999952316284,3.610621204376221
5.320000171661377,5.907899384498597
8.199999809265137,8.212506456375124
2.759999990463257,2.5534663474559784
8.220000267028809,8.472648887634278
2.6600000858306885,2.3778414291143415
6.199999809265137,5.832041201591492
6.599999904632568,6.682076673507692
6.5,6.423545384407045
3.450000047683716,3.470312702655792
8.520000457763672,8.523961353302003
8.029999732971191,8.433776369094849
3.119999885559082,3.0923337364196777
6.210000038146973,6.428566985130311
9.149999618530273,8.960940294265749
3.7300000190734863,3.745791494846344
8.949999809265137,9.264969816207888
7.809999942779541,8.038718433380128
9.539999961853027,9.660797061920167
6.980000019073486,6.751835646629335
8.729999542236328,8.961190767288208
10.960000038146973,11.463209877014162
8.149999618530273,8.354142560958863
7.900000095367432,8.015992479324343
8.829999923706055,8.837245597839356
8.5,8.818872890472413
8.949999809265137,9.289679746627808
5.5,5.803957233428956
3.2300000190734863,3.2157155013084413
9.359999656677246,9.489552106857301
7.050000190734863,7.055136752128602
6.400000095367432,6.520395059585572
7.699999809265137,8.213037433624269
3.4000000953674316,3.536928782463074
9.199999809265137,9.23874746322632
7.400000095367432,7.981330718994141
4.900000095367432,5.147691717147827
7.170000076293945,7.1838418674469
8.300000190734863,8.561899070739747
3.759999990463257,4.016592288017273
8.369999885559082,8.786618099212648
11.0,11.405031766891481
7.300000190734863,7.8513045501709
8.25,8.143973970413208
9.199999809265137,9.45539384841919
3.25,3.1208868622779846
6.389999866485596,5.972622060775758
7.71999979019165,7.643720560073853
6.940000057220459,6.65616421699524
8.15999984741211,8.490302124023438
5.980000019073486,5.899799904823304
5.820000171661377,5.732743344306947
6.019999980926514,6.343703594207764
3.9000000953674316,3.54115487575531
4.309999942779541,4.408412923812866
3.799999952316284,3.9057373690605166
9.600000381469727,9.862522411346436
10.579999923706055,10.884635725021363
6.860000133514404,7.184955577850343
6.019999980926514,6.388716855049134
2.2300000190734863,2.1220228922367097
7.199999809265137,7.389867429733277
10.760000228881836,10.999671211242678
3.9000000953674316,3.770904450416565
4.730000019073486,4.599082636833191
7.0,7.337003564834595
10.600000381469727,10.874819355010988
7.260000228881836,7.163649396896363
4.559999942779541,4.491712775230408
3.4000000953674316,3.357484350204468
6.5,6.626201381683351
6.039999961853027,5.9848731946945195
9.699999809265137,9.984999885559084
5.300000190734863,5.092591166496277
9.300000190734863,9.583690986633302
3.5199999809265137,3.53611123085022
3.700000047683716,3.9593160724639893
10.800000190734863,11.411145992279055
6.699999809265137,6.9221151304245
7.199999809265137,6.875067415237428
2.799999952316284,2.7738545727729798
2.700000047683716,2.2780851966142652
8.899999618530273,9.525705204010011
8.9399995803833,9.306991777420045
2.450000047683716,2.319145799875259
6.0,5.862273998260499
8.0600004196167,8.134990167617799
9.229999542236328,9.336276035308838
7.300000190734863,7.14607219696045
8.100000381469727,8.49289694786072
8.979999542236328,9.444865036010743
7.789999961853027,7.906296796798707
8.300000190734863,8.415410051345827
7.300000190734863,7.619033632278444
8.819999694824219,8.974480533599854
4.0,3.61278840303421
9.899999618530273,10.265293893814087
10.09000015258789,10.095650815963745
8.199999809265137,8.162006750106812
4.400000095367432,4.360108370780945
6.96999979019165,7.215890274047853
4.619999885559082,4.387461206912994
3.2799999713897705,3.3003157997131347
10.680000305175781,10.9061367893219
3.5399999618530273,3.402527961730957
4.329999923706055,4.400321271419525
8.5,8.888899269104005
8.680000305175781,8.596650285720827
4.539999961853027,4.3976000928878785
6.949999809265137,7.18800789833069
7.320000171661377,7.604041671752931
7.199999809265137,7.350634536743165
8.5,9.145731239318849
2.4000000953674316,2.131057851910591
4.170000076293945,4.030381243228913
7.039999961853027,7.233873853683472
6.53000020980835,6.385710220336915
9.710000038146973,9.932107906341553
5.579999923706055,5.83300763130188
7.699999809265137,7.904869995117188
2.2300000190734863,2.088349326252937
2.930000066757202,2.89387931227684
6.599999904632568,6.85323760509491
9.529999732971191,9.669632625579835
4.300000190734863,3.6490499639511107
6.699999809265137,6.504175972938539
4.900000095367432,4.791789360046387
7.809999942779541,7.799036836624147
8.199999809265137,8.031057920455934
6.0,5.825906848907471
5.96999979019165,6.2180821084976206
9.630000114440918,9.953961038589478
9.479999542236328,10.02671322822571
9.09000015258789,9.5973756313324
7.679999828338623,7.9675042247772225
6.989999771118164,6.916493225097657
7.260000228881836,7.644391469955445
8.600000381469727,9.108939180374147
6.199999809265137,5.847091307640077
7.599999904632568,7.48717875480652
10.90999984741211,10.779715642929078
4.880000114440918,4.827019157409668
3.0899999141693115,2.8687638807296754
5.260000228881836,5.447033815383912
4.460000038146973,4.435817995071411
11.550000190734863,11.349644641876223
4.460000038146973,4.422844035625458
6.0,5.854571952819825
3.200000047683716,2.5671729564666745
7.5,7.785645475387574
5.449999809265137,5.392756247520447
9.989999771118164,10.050009136199952
7.349999904632568,7.373295316696168
6.0,5.064821887016296
11.869999885559082,11.820605487823487
2.940000057220459,2.793128855228424
10.960000038146973,11.01223895072937
4.75,4.7918363237380985
10.100000381469727,10.391605138778688
5.610000133514404,5.278912105560303
9.0,9.200056409835817
5.900000095367432,5.8338721466064465
11.109999656677246,11.530721940994264
10.020000457763672,10.162502832412722
4.21999979019165,4.277417769432068
7.260000228881836,7.320497903823854
9.260000228881836,9.731374225616456
10.510000228881836,10.860180101394654
2.869999885559082,2.616524288654327
9.699999809265137,10.185605773925783
3.6500000953674316,3.285754499435425
9.119999885559082,9.150357322692873
8.5,8.756282749176027
8.699999809265137,8.881581239700319
3.25,2.9494577264785766
4.0,3.5198782467842102
4.789999961853027,4.694191780090332
8.399999618530273,8.468209381103517
7.599999904632568,7.526975851058961
7.730000019073486,7.850260486602784
4.96999979019165,4.665698556900025
4.869999885559082,4.365782191753388
9.899999618530273,10.309507493972779
7.920000076293945,7.953231735229493
9.0,9.68860531806946
5.460000038146973,5.357599611282349
9.5,9.537272329330445
2.9000000953674316,2.8288330817222596
3.6500000953674316,3.3257027101516723
8.25,8.821791028976442
8.130000114440918,8.48085379600525
8.75,8.940752935409547
9.100000381469727,8.905233688354492
5.0,4.73313937664032
6.900000095367432,6.879125781059266
9.9399995803833,9.244982452392579
4.679999828338623,5.302871894836426
9.100000381469727,9.708431024551393
10.949999809265137,11.214099121093751
8.600000381469727,8.722797317504885
6.199999809265137,6.289094724655152
7.389999866485596,7.639463796615601
9.210000038146973,9.791273059844972
6.320000171661377,6.360650777816773
2.680000066757202,2.474568303823471
7.0,6.985570425987245
5.0,4.076289370059967
8.199999809265137,8.440754470825196
9.300000190734863,9.54075403213501
3.5199999809265137,3.1303810358047484
4.190000057220459,4.060058782100677
6.800000190734863,6.985556688308717
4.619999885559082,4.493360977172852
10.800000190734863,10.995743513107302
6.5,7.245588579177857
7.449999809265137,7.6216770172119155
5.320000171661377,5.241388115882874
4.150000095367432,3.6780633020401003
8.5,9.07317840576172
9.300000190734863,9.517973127365114
8.899999618530273,9.087671337127686
7.940000057220459,8.163471250534059
4.03000020980835,3.9732157278060916
3.319999933242798,3.21662282705307
7.730000019073486,7.9613331317901626
4.519999980926514,4.376504449844361
3.759999990463257,3.8021095871925357
9.619999885559082,10.002900400161744
8.199999809265137,7.868550767898561
9.5,10.288738040924073
9.260000228881836,9.888574161529542
6.300000190734863,6.2226883840560925
7.869999885559082,8.273840398788453
9.8100004196167,9.917441177368165
10.949999809265137,11.113015365600587
6.300000190734863,6.137209992408753
3.2300000190734863,3.082809052467346
9.760000228881836,10.237488832473757
3.140000104904175,2.871328673362732
6.739999771118164,6.81598102092743
10.779999732971191,11.028591260910035
3.700000047683716,3.670652303695679
9.5,9.813074436187746
3.799999952316284,3.7320237851142886
4.400000095367432,4.142357859611511
8.829999923706055,8.951398677825928
2.9200000762939453,2.7240427887439727
7.0,7.15113341331482
6.400000095367432,6.701452550888062
4.360000133514404,4.295942070484162
8.199999809265137,8.699109086990358
5.400000095367432,5.030563631057739
9.210000038146973,9.736007337570191
7.650000095367432,7.574368286132813
8.699999809265137,8.966785516738893
3.0,2.8935397839546204
8.399999618530273,8.239385662078858
10.199999809265137,10.640397052764893
10.699999809265137,10.773674259185793
2.880000114440918,2.6201817858219147
5.300000190734863,5.553413286209107
2.4000000953674316,2.410918684005737
4.019999980926514,3.9338488125801088
10.84000015258789,11.412853298187256
6.739999771118164,7.0257378005981455
8.800000190734863,9.236087465286255
7.599999904632568,7.686284999847413
5.300000190734863,5.560869011878968
6.099999904632568,6.216972870826722
3.4000000953674316,3.4371382856369017
5.75,5.426057977676392
5.130000114440918,4.937420253753662
9.050000190734863,9.19404058456421
9.550000190734863,9.64444730758667
3.3299999237060547,3.8524747920036315
2.930000066757202,2.9745077443122865
11.199999809265137,11.493876848220827
5.690000057220459,5.592544584274293
2.049999952316284,2.088048075735569
3.890000104904175,3.826031517982483
8.100000381469727,8.355189180374147
3.5799999237060547,3.336106605529785
8.600000381469727,8.9989412689209
6.900000095367432,7.129607429504396
7.949999809265137,8.072648582458497
4.400000095367432,3.8888365101814273
10.0,10.293024835586548
4.449999809265137,4.575289297103882
9.460000038146973,9.40314913749695
11.010000228881836,11.600275487899781
3.390000104904175,3.0314987432956695
4.829999923706055,4.619854645729065
10.100000381469727,10.338143844604494
10.789999961853027,11.036589784622194
7.0,7.1860156154632575
9.359999656677246,9.835057916641237
8.899999618530273,9.328273677825928
7.840000152587891,7.95451349258423
10.779999732971191,11.34256238937378
7.349999904632568,7.347695951461793
8.0,8.229476642608644
10.130000114440918,9.79727291107178
6.739999771118164,7.109764151573182
6.300000190734863,6.34602909564972
6.400000095367432,6.631928396224977
9.479999542236328,9.994662265777588
6.010000228881836,5.986742477416993
6.710000038146973,6.619834766387941
10.289999961853027,10.676299676895143
2.6500000953674316,2.2664477854967116
5.119999885559082,4.894736328125
9.199999809265137,9.772614097595216
6.78000020980835,6.816839466094971
10.199999809265137,10.564316511154177
6.840000152587891,6.515839581489564
10.149999618530273,10.276672525405885
6.840000152587891,7.324168100357056
8.0,8.565927724838257
8.449999809265137,8.605777215957643
7.699999809265137,7.730338220596314
5.050000190734863,5.090054488182068
8.65999984741211,8.762517738342286
8.100000381469727,8.122001991271974
9.859999656677246,10.42532187461853
7.0,7.027608361244202
8.75,8.842305536270143
8.699999809265137,9.12903069496155
4.300000190734863,3.9366576886177063
4.829999923706055,4.60797794342041
4.400000095367432,4.238650999069214
8.880000114440918,9.122490282058717
4.619999885559082,4.623531231880188
9.029999732971191,9.462878007888795
6.670000076293945,6.493409786224366
6.150000095367432,6.029752912521364
8.600000381469727,8.745208263397219
7.389999866485596,8.208938493728638
9.239999771118164,9.450262985229493
5.119999885559082,5.060326790809632
8.800000190734863,9.0578120136261
9.800000190734863,9.627230482101442
4.010000228881836,3.5282042384147645
3.7300000190734863,3.574946050643921
7.710000038146973,8.213703231811525
9.520000457763672,9.714928627014162
3.200000047683716,2.8103408885002135
6.130000114440918,6.181548829078675
10.5,10.828090801239014
9.430000305175781,9.522311038970948
3.4200000762939453,3.462129838466644
8.800000190734863,8.792755327224732
6.119999885559082,6.120735001564027
9.5,9.83979581832886
8.199999809265137,8.701932020187378
7.0,7.045754237174989
5.869999885559082,6.018980016708375
7.599999904632568,7.825354394912721
10.0,10.608375482559206
5.400000095367432,4.777886829376221
7.699999809265137,8.037838582992554
6.5,6.527975063323976
7.920000076293945,7.832339525222779
4.800000190734863,4.61291552066803
5.96999979019165,6.030064725875856
7.800000190734863,7.99076307296753
8.100000381469727,8.158228569030763
5.699999809265137,5.58651086807251
6.5,6.33736605167389
10.880000114440918,11.20745008468628
7.800000190734863,8.060094261169434
6.840000152587891,7.173299636840821
4.800000190734863,4.676209478378296
6.800000190734863,7.277558393478395
9.600000381469727,10.208651208877564
5.110000133514404,5.577423872947693
3.619999885559082,3.575585012435913
8.8100004196167,9.318137187957765
4.440000057220459,4.013765201568604
4.480000019073486,4.632792663574219
3.4000000953674316,3.3218636679649354
7.760000228881836,7.859782934188844
3.2899999618530273,3.120275056362152
10.619999885559082,10.806369934082033
5.699999809265137,5.773138508796693
6.400000095367432,6.291156973838807
4.099999904632568,4.167535030841828
9.100000381469727,9.985086784362794
11.329999923706055,11.667235488891603
8.899999618530273,8.822617206573488
5.119999885559082,5.224578948020935
9.699999809265137,9.934485483169556
8.800000190734863,8.533876123428346
8.399999618530273,8.605953569412232
6.5,5.776247057914735
7.630000114440918,7.6533586597442635
8.649999618530273,9.050796213150026
4.400000095367432,4.459424757957459
7.400000095367432,7.249336729049683
6.570000171661377,6.680457544326783
9.420000076293945,9.70162096977234
7.699999809265137,7.657756633758546
10.15999984741211,10.547266454696656
6.199999809265137,6.36811640739441
2.4000000953674316,2.1835981225967407
4.300000190734863,4.309067304134369
9.600000381469727,9.832268209457398
7.900000095367432,8.338247108459473
10.5,10.728621702194214
6.949999809265137,7.12449637413025
10.100000381469727,10.669852552413941
9.130000114440918,9.371533946990969
10.0,10.230323514938355
5.800000190734863,6.343385710716248
8.489999771118164,8.914657096862793
8.199999809265137,9.279232082366944
6.699999809265137,6.508452863693238
3.2100000381469727,2.96748571395874
7.699999809265137,8.565727090835573
4.980000019073486,4.858893446922302
9.869999885559082,9.896084518432618
5.800000190734863,5.657147774696351
10.0,10.305658388137818
10.239999771118164,10.64282063484192
9.420000076293945,9.406483879089357
9.6899995803833,10.394965438842775
2.7699999809265137,2.7133480858802796
7.150000095367432,7.122116880416871
8.069999694824219,8.02797748565674
3.5,3.694903140068054
7.789999961853027,7.941355991363526
3.3299999237060547,3.0849033296108246
8.420000076293945,8.357976970672608
9.199999809265137,9.439838962554933
9.1899995803833,9.206652412414552
4.489999771118164,4.5096346950531006
7.800000190734863,8.371597719192506
4.519999980926514,4.517815642356872
6.0,5.748933038711549
7.880000114440918,7.748718595504762
3.690000057220459,3.486714372634888
6.199999809265137,5.8865689229965215
4.900000095367432,4.602930464744568
3.2200000286102295,3.3064551043510435
4.699999809265137,4.394628601074219
3.380000114440918,3.6029400849342346
4.400000095367432,4.650006294250488
7.0,7.169863939285279
8.479999542236328,8.871897773742678
9.800000190734863,10.112392892837526
7.800000190734863,7.763255615234376
8.319999694824219,8.77093861579895
7.900000095367432,8.432256917953492
5.400000095367432,5.442855324745179
4.5,4.732837467193604
7.409999847412109,7.549342708587647
3.0399999618530273,2.5743621551990508
7.650000095367432,7.879467430114747
8.600000381469727,9.501892375946046
3.5,3.3820474791526793
5.5,4.985146546363831
3.4000000953674316,3.2629609751701354
2.9000000953674316,2.828977566957474
6.480000019073486,6.255479583740235
3.8399999141693115,3.9366631197929385
6.46999979019165,6.855370140075684
6.119999885559082,5.712997508049012
5.590000152587891,5.499628038406373
4.949999809265137,4.709672226905823
4.550000190734863,4.504709258079529
10.420000076293945,10.353887863159182
5.619999885559082,5.606235299110414
6.199999809265137,5.944061746597291
10.3100004196167,10.314150190353395
6.400000095367432,6.261287746429444
5.340000152587891,4.961554160118103
8.850000381469727,8.711488971710207
4.800000190734863,4.830707564353943
9.199999809265137,9.430635356903077
6.199999809265137,6.920684814453126
4.800000190734863,4.73523389339447
4.340000152587891,3.90529025554657
5.78000020980835,5.501522560119629
4.309999942779541,4.221987354755401
6.460000038146973,6.396625604629517
9.100000381469727,9.339735374450685
5.820000171661377,5.702939929962159
6.699999809265137,7.611339893341065
8.34000015258789,8.56277892112732
7.400000095367432,7.098520340919496
7.059999942779541,6.8005609560012825
11.220000267028809,11.085797510147096
8.920000076293945,8.605529937744143
8.279999732971191,8.258043985366822
3.440000057220459,3.5790646386146547
3.440000057220459,3.447933704853058
3.509999990463257,3.312867724895477
6.400000095367432,6.200859532356263
10.199999809265137,10.683477773666382
11.199999809265137,11.443749017715456
4.400000095367432,4.262432677745819
8.510000228881836,8.947642860412598
4.78000020980835,4.494030289649963
2.5999999046325684,2.4282497638463973
6.599999904632568,6.389353580474855
9.6899995803833,10.010923204421998
9.020000457763672,9.092587509155274
8.399999618530273,8.778240671157837
9.0,9.324876956939699
7.400000095367432,7.622954301834107
8.729999542236328,8.846454315185548
7.320000171661377,7.393057765960695
10.34000015258789,10.574906024932863
7.099999904632568,7.408700828552247
9.3100004196167,9.85770272254944
5.699999809265137,5.623369698524476
6.03000020980835,6.300329589843751
7.400000095367432,7.411322488784791
9.460000038146973,10.0078031539917
5.699999809265137,4.94089780330658
3.0,2.850443408489227
4.360000133514404,4.215670418739319
6.0,6.095899834632874
9.069999694824219,9.01835228919983
8.289999961853027,8.247798233032228
9.020000457763672,9.329177169799806
7.800000190734863,7.763982753753663
4.590000152587891,4.740263161659241
8.800000190734863,8.782241849899293
5.130000114440918,4.778434419631958
4.630000114440918,4.503294596672058
8.279999732971191,8.401071748733521
3.799999952316284,3.7097679471969607
10.039999961853027,10.113288078308107
7.53000020980835,8.584680614471436
7.570000171661377,7.64777668952942
4.599999904632568,4.159827394485474
3.049999952316284,2.867380927801132
6.849999904632568,6.778298249244691
5.849999904632568,5.681997318267823
9.949999809265137,10.441125955581667
4.599999904632568,4.616310324668884
8.899999618530273,9.25124363899231
10.279999732971191,10.653608226776125
4.599999904632568,4.492030658721924
4.480000019073486,4.636173410415649
4.889999866485596,4.937436866760254
8.600000381469727,8.911143445968628
10.579999923706055,10.734381303787233
7.539999961853027,7.694826002120973
8.800000190734863,8.779380578994752
8.460000038146973,9.083097009658815
4.349999904632568,4.484987382888794
3.2200000286102295,3.084070922136307
5.039999961853027,4.912083821296692
7.139999866485596,7.462321224212648
5.809999942779541,5.879141631126405
4.380000114440918,4.492314038276673
4.880000114440918,4.402515306472778
7.0,7.828956861495973
8.0,8.241504459381105
9.0,9.015191984176637
3.4700000286102295,3.2548835396766664
4.5,4.132032556533813
7.239999771118164,7.138248748779298
4.489999771118164,4.627526659965516
4.360000133514404,4.217423090934753
4.289999961853027,4.186142237186432
8.5,8.725978708267213
6.090000152587891,5.781008601188661
7.570000171661377,7.948299589157106
8.069999694824219,8.236709051132204
10.699999809265137,10.867134561538698
7.320000171661377,7.8092353057861335
2.75,2.699240927696228
8.3100004196167,8.494817028045656
9.199999809265137,9.481467323303225
8.0,8.508241615295411
10.90999984741211,11.145758323669435
11.199999809265137,11.55720690727234
8.399999618530273,8.53153305053711
6.909999847412109,6.638491811752321
3.700000047683716,3.219719235897064
3.440000057220459,3.2945383071899412
6.119999885559082,5.526711072921754
3.5399999618530273,3.2175199294090273
9.770000457763672,10.109718198776246
5.369999885559082,5.5074955749511725
6.0,6.15985767364502
5.110000133514404,4.857677822113037
9.800000190734863,9.992140283584597
3.799999952316284,3.7107471561431886
2.9700000286102295,2.846855877637863
8.199999809265137,9.454443073272706
10.279999732971191,10.918712196350098
6.099999904632568,6.088293952941895
8.710000038146973,8.957780628204347
9.699999809265137,10.081918888092043
10.579999923706055,10.857964181900027
3.5999999046325684,2.9618205189704896
7.090000152587891,7.017950453758241
3.5999999046325684,3.4393799233436586
9.289999961853027,9.8155037689209
9.970000267028809,10.204320964813233
4.179999828338623,4.044250707626343
10.600000381469727,10.92682062149048
10.0,10.134118871688845
3.8399999141693115,3.995279877185822
3.5999999046325684,3.5248338747024537
4.340000152587891,4.423882029056549
8.399999618530273,8.685657024383547
7.300000190734863,7.375686950683595
10.100000381469727,10.259169445037843
4.260000228881836,3.882051215171814
9.199999809265137,9.578137130737305
8.399999618530273,8.505586090087892
5.110000133514404,5.085315308570862
9.279999732971191,9.470406894683839
6.5,6.584831800460816
3.8399999141693115,3.64618150472641
6.690000057220459,7.429929695129395
10.180000305175781,10.200534477233887
9.180000305175781,9.387534189224244
4.53000020980835,4.594569969177246
7.909999847412109,8.486784639358522
10.859999656677246,11.355658550262453
9.270000457763672,9.970855188369752
4.320000171661377,4.345629496574402
9.199999809265137,9.176635904312135
5.5,5.092473278045654
2.5999999046325684,2.4229167890548706
4.25,4.31127347946167
11.010000228881836,11.416439151763917
6.809999942779541,6.768863019943238
7.920000076293945,7.890629453659058
2.700000047683716,2.376501965522766
3.9000000953674316,3.738210213184357
9.5,9.765922250747682
10.520000457763672,10.646933631896975
4.079999923706055,4.228892614841461
8.600000381469727,9.087070074081423
7.340000152587891,7.533299655914307
3.2200000286102295,3.0075477397441865
10.0,10.283532419204713
10.399999618530273,10.501576852798463
7.880000114440918,7.934878835678101
6.869999885559082,7.367402172088624
6.949999809265137,6.621320991516114
2.299999952316284,2.2024844354391098
9.760000228881836,9.682046375274659
5.260000228881836,5.209406161308289
8.539999961853027,8.75422784805298
4.090000152587891,4.153196249008179
9.170000076293945,9.239043941497805
2.0999999046325684,2.009048397243023
7.449999809265137,7.922501506805421
8.710000038146973,8.880710973739625
8.550000190734863,8.462771816253664
8.899999618530273,8.980008192062378
6.369999885559082,6.404261198043824
10.350000381469727,10.703438301086427
7.119999885559082,7.062532734870912
5.210000038146973,5.0166425704956055
4.300000190734863,4.139796741008759
9.760000228881836,9.611435985565187
3.700000047683716,3.5030775451660157
8.569999694824219,8.57885711669922
8.800000190734863,9.24810633659363
4.5,3.9308258843421937
10.699999809265137,10.871082067489626
10.960000038146973,11.359885921478273
8.199999809265137,8.246396989822388
9.229999542236328,9.430846853256227
7.599999904632568,7.764333543777467
8.279999732971191,8.300856342315674
3.049999952316284,3.3626960420608523
7.840000152587891,8.030173597335816
8.140000343322754,8.140823888778687
3.5299999713897705,3.489547848701477
6.199999809265137,5.87917070388794
8.600000381469727,9.040552377700807
9.670000076293945,10.069776697158815
3.5999999046325684,3.2602877187728883
8.819999694824219,9.08385290145874
3.890000104904175,3.8291713762283326
7.199999809265137,7.234779901504518
7.679999828338623,7.7444746112823495
4.199999809265137,4.250971300601959
5.550000190734863,5.472354593276978
7.46999979019165,7.240038557052613
5.730000019073486,5.924924201965333
4.880000114440918,4.8039590263366705
11.739999771118164,11.81838956832886
7.5,7.624282703399659
9.40999984741211,10.14507387161255
9.300000190734863,9.801464500427247
2.5999999046325684,2.380346119403839
8.0,8.749825401306154
7.5,7.2524280261993415
4.900000095367432,5.020467395782471
8.989999771118164,9.049384107589724
2.8499999046325684,2.6376395797729493
6.630000114440918,6.824181776046754
9.779999732971191,10.312171325683595
11.149999618530273,11.023690423965455
8.779999732971191,9.221237993240358
7.800000190734863,8.039292860031129
8.229999542236328,8.79229910850525
9.779999732971191,10.521610860824586
8.050000190734863,8.426202116012574
5.920000076293945,6.243319501876832
9.260000228881836,9.437982778549195
6.380000114440918,6.45513469696045
6.809999942779541,7.040118913650514
9.199999809265137,9.42412880897522
7.699999809265137,7.978330793380739
8.0,8.337394733428956
6.579999923706055,6.315300464630128
9.069999694824219,9.12389919281006
10.0,10.214637641906739
7.599999904632568,7.469942121505738
10.0,10.332089042663576
5.300000190734863,4.982664179801941
5.110000133514404,4.854473748207092
8.65999984741211,8.80042350769043
6.25,7.404916257858277
6.519999980926514,6.819626617431641
7.0,6.893339805603028
9.020000457763672,9.204096565246584
3.2899999618530273,3.0313998639583586
4.400000095367432,4.396248369216919
7.900000095367432,7.12041340827942
4.449999809265137,4.304910697937012
4.369999885559082,4.3151323294639585
3.5999999046325684,3.492582437992096
7.199999809265137,7.667172374725343
5.619999885559082,5.253813366889954
10.600000381469727,11.299400520324708
4.820000171661377,4.64919065952301
4.239999771118164,4.326076307296753
9.670000076293945,9.949875516891481
8.680000305175781,8.82776596069336
7.650000095367432,8.044951505661011
8.899999618530273,8.959884729385378
6.420000076293945,6.404567260742188
9.600000381469727,10.088242053985597
6.429999828338623,6.381623101234437
8.399999618530273,8.783976631164553
3.549999952316284,3.4598046565055847
7.639999866485596,8.080559568405153
4.699999809265137,4.4800271224975585
4.889999866485596,4.7274264192581175
5.909999847412109,6.103065791130067
6.599999904632568,6.656471557617189
9.300000190734863,9.323731937408448
8.649999618530273,9.455482025146486
5.800000190734863,5.442417316436768
8.489999771118164,8.664072256088257
8.460000038146973,9.219105777740479
8.84000015258789,9.076874160766602
4.130000114440918,3.8475618147850037
7.539999961853027,7.739957790374757
7.099999904632568,7.024701085090638
9.100000381469727,9.386356582641604
9.630000114440918,9.856249084472658
9.0,9.776485567092896
8.680000305175781,9.292171697616578
9.510000228881836,9.725384597778321
4.010000228881836,3.6146535325050353
2.700000047683716,2.5536205768585205
11.479999542236328,11.583729572296145
4.789999961853027,4.746994943618774
4.139999866485596,3.863457586765289
6.21999979019165,6.390982613563539
8.579999923706055,8.82490468978882
7.300000190734863,7.449216117858888
10.8100004196167,10.774339418411255
3.700000047683716,3.4280064034461977
8.5,8.45694959640503
4.880000114440918,4.8052395057678225
2.490000009536743,2.660067218542099
5.829999923706055,5.836088705062867
9.470000267028809,9.333888235092164
3.5999999046325684,3.3668162274360656
5.710000038146973,5.71162917137146
7.400000095367432,7.7952426815032965
8.670000076293945,8.63989266395569
9.399999618530273,9.321224012374879
10.520000457763672,11.003646831512452
3.680000066757202,3.273879554271698
7.070000171661377,6.922903609275819
5.800000190734863,6.070859241485596
8.5,8.40584351539612
4.820000171661377,4.630105509757996
4.880000114440918,4.747651476860047
10.029999732971191,10.195533962249756
10.239999771118164,10.354385614395143
9.859999656677246,10.13651306152344
3.299999952316284,3.0826236736774444
9.510000228881836,9.706865568161012
8.470000267028809,8.32572793006897
10.100000381469727,10.308408479690552
3.700000047683716,3.1564388561248777
4.400000095367432,4.120384602546692
8.0,8.045606441497803
4.090000152587891,3.9790095138549804
6.079999923706055,5.697304606437684
5.809999942779541,5.778049569129944
4.900000095367432,4.797834897041321
3.700000047683716,3.3099184370040895
8.399999618530273,7.440427837371828
7.800000190734863,7.958717861175538
10.600000381469727,10.836024789810182
8.960000038146973,8.904548082351686
4.0,3.5935559725761412
3.890000104904175,3.1321651768684386
5.039999961853027,5.012160892486572
3.1500000953674316,3.3006557273864745
10.289999961853027,10.473946866989136
8.899999618530273,9.406366949081422
5.099999904632568,4.930062289237976
8.199999809265137,8.3126317691803
11.199999809265137,11.558355760574342
4.050000190734863,3.9800214695930483
5.920000076293945,5.865815443992616
3.7699999809265137,3.75121372461319
9.920000076293945,10.489169492721558
3.7899999618530273,3.827250816822052
5.739999771118164,5.7914658498764044
2.799999952316284,2.557905294895172
8.0,7.998240842819215
7.210000038146973,7.656499156951905
10.640000343322754,10.666250724792482
5.900000095367432,5.283609113693237
4.550000190734863,4.664745864868165
8.899999618530273,9.344478387832643
5.599999904632568,5.574706368446351
2.4700000286102295,2.365551638007164
5.900000095367432,5.908216309547425
3.0999999046325684,2.8550051963329315
7.139999866485596,7.202189016342164
10.140000343322754,10.63383363723755
5.400000095367432,5.45720353126526
8.989999771118164,9.51359048843384
6.659999847412109,6.57835720062256
8.020000457763672,8.358642768859864
4.0,3.6883251881599426
6.809999942779541,7.064999446868898
8.25,8.139996433258057
6.519999980926514,6.618859071731569
7.0,6.9309181070327766
6.019999980926514,6.142710814476014
6.199999809265137,5.891844511032105
4.639999866485596,4.896177506446839
6.019999980926514,6.3405519151687635
3.9000000953674316,3.754949414730072
8.899999618530273,8.645550031661989
7.820000171661377,8.0273263835907
8.180000305175781,8.482383470535279
5.360000133514404,5.363306179046631
4.960000038146973,4.696300354003906
11.029999732971191,11.281443777084352
4.0,3.6414186835289004
4.659999847412109,4.389576489925385
7.0,7.0685958433151255
7.630000114440918,7.66216802597046
5.900000095367432,5.569763360023499
2.8299999237060547,2.773911600112915
8.569999694824219,9.232298421859742
8.100000381469727,8.021320781707765
7.980000019073486,8.089372129440308
6.449999809265137,6.7295278930664075
3.0199999809265137,2.8848405587673187
5.539999961853027,5.6749840736389165
3.0299999713897705,2.8861417245864867
7.940000057220459,8.022282419204712
9.399999618530273,9.393300180435181
7.300000190734863,7.352518196105958
6.920000076293945,6.845748014450074
11.850000381469727,12.082841796875002
9.90999984741211,10.095878925323488
10.100000381469727,10.487336311340334
9.619999885559082,9.4873099899292
3.75,3.5839400768280028
10.710000038146973,10.980458269119264
5.710000038146973,5.985608959197999
10.630000114440918,10.702582731246949
7.550000190734863,7.916722736358643
9.979999542236328,10.013700132369996
5.0,4.714870181083679
8.420000076293945,8.54414423942566
10.199999809265137,10.71209239959717
7.190000057220459,6.837841820716859
9.350000381469727,9.695909290313722
9.199999809265137,8.694329013824463
6.03000020980835,6.204157853126527
3.450000047683716,3.742836775779724
5.409999847412109,5.6057557582855235
6.070000171661377,5.912180747985841
2.950000047683716,2.8064396274089813
9.720000267028809,9.625993452072144
6.199999809265137,6.068862805366517
7.019999980926514,7.079395256042481
7.079999923706055,6.9693743419647225
8.210000038146973,8.363446483612062
9.170000076293945,9.30368323326111
5.800000190734863,6.006097588539125
7.809999942779541,7.985955524444581
3.440000057220459,3.379707281589508
5.559999942779541,5.2809152507781985
8.279999732971191,9.082383289337159
11.789999961853027,11.954642419815064
9.899999618530273,10.546644744873047
7.5,7.606576433181764
8.779999732971191,8.975834493637086
4.75,4.627980642318725
7.199999809265137,6.660302772521973
8.279999732971191,8.319320421218872
6.5,6.652978353500367
4.679999828338623,4.570025210380554
2.4000000953674316,2.2762691473960874
8.539999961853027,9.204241609573366
4.900000095367432,4.854783325195313
4.900000095367432,4.5330507278442385
4.940000057220459,4.8688791418075565
7.599999904632568,7.680520925521852
4.869999885559082,4.815905055999756
6.679999828338623,6.52038962841034
7.269999980926514,7.642406854629518
5.28000020980835,5.046171231269836
5.519999980926514,6.001571502685548
6.710000038146973,7.172706041336061
6.5,6.641822080612184
8.399999618530273,8.537628107070924
11.220000267028809,11.445917654037476
8.899999618530273,8.944257001876831
5.599999904632568,5.673830428123475
9.199999809265137,9.745726585388185
7.670000076293945,7.708232698440553
10.899999618530273,11.15416003227234
3.799999952316284,3.5896257185935974
9.300000190734863,9.117841835021974
9.720000267028809,9.910072669982911
7.5,7.056567068099977
3.7699999809265137,3.610739412307739
8.5,9.028077287673952
7.510000228881836,7.649379205703736
7.199999809265137,7.365485286712647
9.819999694824219,10.153389320373536
3.859999895095825,3.9163275218009947
3.240000009536743,3.1791419672966
6.210000038146973,6.351258039474488
5.300000190734863,4.754162178039551
5.260000228881836,5.215278859138489
4.150000095367432,4.2518271899223326
10.5,10.88519609451294
3.9200000762939453,3.8253954315185545
7.53000020980835,7.782207221984864
10.989999771118164,11.08920828819275
4.429999828338623,3.9473358583450318
3.640000104904175,3.8994396018981936
8.119999885559082,8.914377870559694
9.140000343322754,9.80646245956421
8.970000267028809,9.269294948577881
4.349999904632568,4.561709761619568
10.470000267028809,11.068093156814577
4.570000171661377,4.3468066239356995
4.980000019073486,4.516726851463318
6.349999904632568,6.460986948013306
9.489999771118164,9.701850357055665
8.300000190734863,8.591514949798585
11.0,11.340309410095216
4.949999809265137,4.845068550109864
9.59000015258789,9.98996078491211
4.929999828338623,5.050406908988953
9.699999809265137,10.08584083557129
4.690000057220459,4.723434824943543
4.380000114440918,4.483642048835755
6.760000228881836,6.916076941490174
2.9000000953674316,2.81112473487854
1.7599999904632568,2.036911564171314
8.65999984741211,9.22433376312256
4.099999904632568,3.6211399531364443
6.179999828338623,6.3446192264556895
10.600000381469727,11.137787914276124
6.46999979019165,6.6761046171188365
4.599999904632568,4.292993261814117
8.100000381469727,7.963099222183229
2.2100000381469727,2.052942037284374
5.5,5.157423424720764
6.860000133514404,7.010135631561281
4.800000190734863,4.306426315307617
3.700000047683716,3.630561764240265
10.770000457763672,11.373909854888918
2.2899999618530273,2.1513796722888947
8.0,8.105545530319215
8.369999885559082,8.37925184249878
4.090000152587891,4.02010737657547
4.739999771118164,4.928978290557861
9.380000114440918,9.576981887817384
4.389999866485596,4.387127509117127
7.800000190734863,8.076868286132813
6.099999904632568,6.0831998300552375
6.400000095367432,6.211436905860902
5.050000190734863,4.742353525161743
7.150000095367432,7.479755935668947
6.300000190734863,6.340565013885499
3.0999999046325684,3.054770290851593
9.100000381469727,9.05095148086548
5.96999979019165,5.9909273576736455
9.529999732971191,9.506179170608522
6.300000190734863,5.853325338363648
7.630000114440918,7.726838626861573
3.4000000953674316,3.4413690114021303
10.300000190734863,10.599774417877198
3.940000057220459,3.8407800340652467
9.479999542236328,9.640685739517213
10.5,10.849253215789796
6.480000019073486,6.80392924308777
4.349999904632568,4.2705126690864565
3.819999933242798,3.5451296973228454
7.429999828338623,7.411811294555665
5.28000020980835,4.91273268699646
6.699999809265137,7.070515923500062
4.179999828338623,4.186265716552734
9.600000381469727,10.11996650695801
5.96999979019165,5.936103796958924
2.1700000762939453,2.110844615101814
8.75,8.880716724395754
4.230000019073486,4.153097050189972
3.5999999046325684,3.1790178489685057
2.0,2.0426820680499076
10.100000381469727,10.71190326690674
9.229999542236328,9.302761211395264
9.8100004196167,10.253705043792726
8.819999694824219,8.925353956222535
10.300000190734863,10.93229907989502
9.3100004196167,9.19361120223999
6.010000228881836,5.94295666217804
8.829999923706055,8.889604682922364
6.75,7.267124786376954
5.800000190734863,6.092889685630799
7.300000190734863,7.853178625106812
7.309999942779541,7.2808055973052985
8.850000381469727,9.250366344451905
5.800000190734863,5.771228013038636
9.289999961853027,9.865449495315554
5.800000190734863,5.599639616012574
8.880000114440918,9.035866231918336
3.259999990463257,3.4796241331100464
2.5399999618530273,2.4501622796058653
10.0,10.459052028656007
5.849999904632568,5.603247513771058
11.399999618530273,11.663938446044924
6.78000020980835,6.65727569103241
8.100000381469727,8.176532268524172
3.200000047683716,3.119247605800629
3.4200000762939453,3.1738948130607607
9.699999809265137,9.969495477676393
3.609999895095825,3.782353847026825
9.789999961853027,9.839646301269532
8.880000114440918,9.264301462173464
8.399999618530273,8.805261087417604
6.409999847412109,6.413159060478211
3.450000047683716,3.028205614089966
10.760000228881836,10.85270233154297
6.880000114440918,6.787771177291871
5.300000190734863,4.784581232070923
9.369999885559082,9.54096552848816
3.890000104904175,3.6127074146270752
9.010000228881836,8.813497943878176
6.809999942779541,6.702470417022706
5.619999885559082,5.63532467365265
10.0,10.434015588760378
9.329999923706055,9.504995813369753
9.880000114440918,10.401753129959108
9.579999923706055,9.399423990249636
4.730000019073486,4.924463386535645
7.619999885559082,8.10307402610779
3.819999933242798,3.322717001438141
6.5,6.5021472692489635
8.869999885559082,7.633453083038331
7.199999809265137,7.177039480209351
5.900000095367432,5.482670950889588
7.099999904632568,7.112168564796448
3.7200000286102295,3.4339586520195007
3.0899999141693115,2.6869051313400267
4.349999904632568,4.5289974737167356
2.869999885559082,2.754367356300354
4.309999942779541,4.462213187217713
9.0,9.892202186584473
5.0,4.808570413589478
9.600000381469727,9.600553188323977
7.179999828338623,7.145777635574341
4.03000020980835,3.9263718414306643
7.75,8.114142122268678
7.760000228881836,7.334895629882814
7.699999809265137,7.9202510833740245
10.399999618530273,10.860981359481812
3.0,2.815217365026474
9.539999961853027,9.760078945159913
7.300000190734863,7.443274412155152
9.0,8.81786460876465
7.800000190734863,7.653907527923585
7.829999923706055,7.660731000900269
8.770000457763672,9.01117099761963
7.699999809265137,7.927624702453614
4.340000152587891,4.463144154548645
9.5,10.00173173904419
5.489999771118164,5.448867955207826
6.329999923706055,6.5854043102264415
2.5999999046325684,2.2680017805099486
2.450000047683716,2.3176840949058533
9.069999694824219,9.56920955657959
5.679999828338623,5.765347328186036
4.869999885559082,4.528972554206848
5.880000114440918,6.040628361701966
8.630000114440918,8.979284887313844
10.800000190734863,11.220003767013552
9.920000076293945,10.166960868835451
9.0,8.805512838363649
5.659999847412109,5.63901180267334
2.700000047683716,2.2494585502147673
4.099999904632568,4.399802594184876
6.599999904632568,6.679474501609803
9.4399995803833,10.397748756408692
10.4399995803833,10.097076339721681
9.300000190734863,9.726776895523072
3.0999999046325684,3.1492168307304382
4.889999866485596,4.793660559654236
5.829999923706055,5.13145857334137
3.609999895095825,3.555466022491455
8.210000038146973,8.675006170272828
4.650000095367432,4.512448363304138
3.7300000190734863,3.7061804962158202
7.5,8.076152648925783
7.599999904632568,7.75198944091797
10.600000381469727,10.872763175964357
4.130000114440918,4.221275711059571
10.5600004196167,10.958280544281006
2.0999999046325684,2.207688779234886
8.899999618530273,9.266762104034425
2.559999942779541,2.5382493925094605
6.5,6.516552343368531
3.799999952316284,3.579368784427643
10.510000228881836,10.837992792129517
7.800000190734863,7.493940887451173
9.890000343322754,10.128748397827149
4.570000171661377,4.569241523742676
4.900000095367432,4.778485536575317
2.0,2.067254561781883
8.920000076293945,9.686232213974
5.670000076293945,5.579831161499024
8.649999618530273,9.098680648803713
6.440000057220459,6.605848212242128
5.599999904632568,5.29876784324646
3.4000000953674316,3.102391474246979
7.199999809265137,7.370883874893189
11.880000114440918,11.859383440017702
9.869999885559082,10.044535150527956
5.099999904632568,5.173151149749756
3.430000066757202,3.5987729358673097
8.880000114440918,8.99868824005127
9.40999984741211,9.523432416915895
7.900000095367432,8.216586866378785
6.190000057220459,6.40870837211609
9.260000228881836,9.467243394851685
4.579999923706055,4.384646260738373
7.389999866485596,7.367953596115114
9.399999618530273,9.382017393112184
9.550000190734863,9.71016836166382
4.699999809265137,4.5642295074462895
9.149999618530273,9.111524419784548
4.010000228881836,3.8959340977668764
11.0,11.601485042572023
8.369999885559082,8.908498144149782
6.980000019073486,6.6653646278381355
4.420000076293945,4.208683052062988
7.28000020980835,7.38018524169922
4.599999904632568,4.567163939476013
7.860000133514404,7.812360467910768
6.0,6.438103489875794
3.9800000190734863,3.796998212337494
4.559999942779541,4.370760502815247
11.34000015258789,11.65487030029297
3.4100000858306885,3.735241756439209
8.289999961853027,8.694930276870728
3.2100000381469727,3.1465065145492552
5.199999809265137,4.892341179847717
6.050000190734863,5.898170232772828
5.130000114440918,5.356081757545471
9.0,9.747269678115845
9.600000381469727,10.088418407440187
6.300000190734863,6.125578012466431
3.2799999713897705,3.035299847126007
9.010000228881836,8.928542375564577
6.739999771118164,7.023887686729432
6.449999809265137,6.705818896293641
10.779999732971191,10.938621606826784
9.9399995803833,10.598346977233888
5.929999828338623,5.994187021255494
8.819999694824219,9.082029304504395
4.840000152587891,4.766604361534119
3.0799999237060547,3.0616650879383087
9.930000305175781,10.305705671310426
7.139999866485596,7.125909118652345
5.900000095367432,5.824197945594788
10.630000114440918,10.770966339111329
3.4000000953674316,3.362435185909271
5.210000038146973,4.683843154907227
9.300000190734863,10.000415477752687
6.599999904632568,6.6280006980896005
10.710000038146973,10.924723548889162
6.699999809265137,6.55767816066742
9.800000190734863,9.776150751113892
6.849999904632568,6.7655611848831185
3.859999895095825,3.948709945678711
9.850000381469727,10.315945672988892
8.220000267028809,8.328818588256837
4.440000057220459,4.419965832233429
9.399999618530273,9.59897047996521
4.699999809265137,4.603097233772278
9.050000190734863,9.405703706741335
11.739999771118164,11.634622879028322
9.100000381469727,9.456903715133668
4.099999904632568,4.2653286123275755
4.900000095367432,4.679999160766601
9.9399995803833,10.336065301895143
7.199999809265137,7.4305252075195325
9.020000457763672,9.070938205718996
8.949999809265137,8.83971965789795
8.600000381469727,8.782871866226197
4.889999866485596,4.525927581787109
9.300000190734863,9.440696449279786
5.980000019073486,6.381264643669129
8.390000343322754,8.819643478393555
8.5,8.657141437530518
11.640000343322754,11.886573820114137
5.599999904632568,5.703446626663209
8.869999885559082,8.859257192611695
3.7100000381469727,3.4379139852523806
9.930000305175781,10.196690483093263
6.639999866485596,6.412521057128907
5.400000095367432,5.623636784553528
9.25,9.11127202987671
6.800000190734863,7.418715276718141
2.2100000381469727,2.161003794670105
6.840000152587891,6.9871579265594495
8.90999984741211,9.436269083023072
3.619999885559082,3.283600239753723
8.90999984741211,8.977851057052613
8.920000076293945,9.06031035423279
6.949999809265137,7.5730488300323495
7.599999904632568,7.463619594573975
6.210000038146973,6.664621834754945
7.639999866485596,8.287459230422975
11.289999961853027,11.356708364486696
2.380000114440918,2.2447855031490325
5.599999904632568,5.583312544822694
9.050000190734863,9.069088411331178
8.479999542236328,8.800122556686402
5.230000019073486,5.257625412940979
9.800000190734863,10.091000452041627
4.800000190734863,4.6000298976898195
8.649999618530273,8.781188201904298
6.599999904632568,6.851613364219666
9.5,10.099730587005617
8.979999542236328,9.052911815643311
4.849999904632568,4.966153087615967
10.960000038146973,10.614363832473757
2.2200000286102295,2.056807496547699
8.760000228881836,9.037289199829102
8.100000381469727,8.602916584014894
10.319999694824219,10.34836084365845
4.78000020980835,4.733782172203064
9.149999618530273,9.519657430648804
8.600000381469727,9.244627828598023
5.900000095367432,5.279475030899048
4.699999809265137,4.869239835739136
7.570000171661377,7.684948291778565
3.9600000381469727,3.699507658481598
10.050000190734863,10.360376520156862
3.7200000286102295,3.810241973400116
9.130000114440918,9.355474281311036
10.819999694824219,11.025775356292726
9.199999809265137,9.393031177520752
3.200000047683716,2.8986912536621094
9.199999809265137,9.437660741806031
3.819999933242798,3.8294536375999453
4.599999904632568,4.08831463098526
7.179999828338623,8.060222692489624
9.399999618530273,9.770524692535401
8.289999961853027,7.952995958328248
3.299999952316284,3.036764667034149
9.399999618530273,9.711738290786744
5.800000190734863,5.4103839254379285
3.5999999046325684,3.762350189685822
4.28000020980835,4.139122796058655
3.5,3.1194051098823548
6.0,6.20700378894806
6.119999885559082,6.026538615226746
8.850000381469727,9.086381912231447
3.8299999237060547,3.769597294330597
7.510000228881836,7.589176864624024
6.400000095367432,6.2762282705307015
9.170000076293945,9.554648256301881
4.519999980926514,4.496679744720459
4.300000190734863,4.101924676895142
9.680000305175781,9.826814031600954
8.850000381469727,9.559636631011964
7.599999904632568,7.630021219253541
4.800000190734863,4.570136709213257
8.270000457763672,8.352504901885988
3.5,3.1364486169815065
10.609999656677246,10.815709638595582
5.099999904632568,4.454698677062988
7.300000190734863,7.469732542037965
8.789999961853027,9.168665494918825
8.75,9.043834085464479
5.420000076293945,5.645288004875184
8.279999732971191,8.584382219314577
4.920000076293945,4.565892405509949
10.109999656677246,10.471419134140016
9.90999984741211,10.349858570098878
4.510000228881836,4.516673817634583
4.75,4.84991219997406
3.4000000953674316,3.425597677230835
9.15999984741211,9.277186765670777
9.0600004196167,9.102120180130006
8.100000381469727,7.5498807144165045
3.4100000858306885,3.594004364013672
6.949999809265137,7.232661743164064
11.279999732971191,11.430113573074342
6.710000038146973,6.700346508026124
10.699999809265137,11.008190488815309
9.199999809265137,9.399308977127076
3.9000000953674316,3.5805973482131956
5.400000095367432,4.965073242187501
4.199999809265137,4.063966512680054
6.090000152587891,6.037695527076722
8.25,7.701377277374268
4.300000190734863,4.224858689308166
7.139999866485596,7.8487602043151865
7.699999809265137,7.720182561874391
5.800000190734863,5.634127898216248
2.390000104904175,2.2767622262239455
10.170000076293945,10.212840242385866
5.400000095367432,5.287723069190979
5.380000114440918,5.280350728034973
8.069999694824219,8.78800784111023
7.0,7.541467504501344
3.9700000286102295,4.020374462604523
7.75,7.847140436172486
7.0,7.106059770584108
9.449999809265137,9.821069126129151
7.010000228881836,7.021704993247987
11.0,11.551584043502809
3.990000009536743,3.897352752685547
9.399999618530273,9.598083600997926
4.179999828338623,4.241721050739288
4.190000057220459,3.7490323090553286
8.399999618530273,8.377732391357423
8.550000190734863,8.623456649780275
8.579999923706055,8.494313526153565
9.0,9.264490594863894
5.699999809265137,5.668034086227418
4.400000095367432,4.369433698654175
8.300000190734863,8.21044324874878
5.199999809265137,4.713197059631348
8.699999809265137,8.555077514648438
8.720000267028809,8.88322081565857
9.399999618530273,9.850365524291993
4.960000038146973,4.697365183830262
9.329999923706055,9.3444419670105
6.119999885559082,6.1849088096618665
3.799999952316284,3.82775208234787
6.809999942779541,6.736626439094544
7.210000038146973,6.9104716491699225
6.860000133514404,7.161807909011841
7.300000190734863,7.309770374298097
8.399999618530273,8.923162317276002
8.100000381469727,8.550211820602419
4.760000228881836,4.644803228378296
8.109999656677246,8.312320594787598
3.3299999237060547,3.0885998833179475
9.550000190734863,9.78342085838318
3.319999933242798,3.2595482802391054
10.0,10.43396830558777
3.880000114440918,3.7580335235595705
9.100000381469727,9.661771478652955
6.800000190734863,6.923774194717408
8.140000343322754,8.193695421218873
9.4399995803833,9.590231399536133
5.329999923706055,5.442459807395936
3.0999999046325684,3.2076168203353883
10.600000381469727,10.822087755203249
4.599999904632568,4.596118493080139
9.920000076293945,9.811120491027832
10.130000114440918,10.548660030364992
3.440000057220459,3.3899725222587587
9.600000381469727,10.129860191345216
2.700000047683716,2.569937105178833
10.229999542236328,10.084644060134888
8.289999961853027,8.349518394470216
3.6500000953674316,3.23428405046463
8.739999771118164,8.67549114227295
3.559999942779541,3.151624917984009
2.9100000858306885,2.6501229763031007
8.960000038146973,9.245315990447999
3.8399999141693115,3.742296533584595
7.849999904632568,8.146884441375734
3.0899999141693115,3.197269153594971
5.889999866485596,5.728272528648377
5.510000228881836,5.47236162185669
3.4800000190734863,3.384708275794983
7.400000095367432,8.182351932525636
6.760000228881836,6.924409642219544
7.5,7.937654485702516
4.130000114440918,4.1524997806549075
4.909999847412109,4.820411014556885
5.050000190734863,4.809244198799133
6.860000133514404,7.212834119796754
7.380000114440918,7.486708478927613
7.710000038146973,7.924562158584596
10.0,9.828402490615845
4.650000095367432,4.690082616806031
3.4000000953674316,3.35108482837677
9.800000190734863,10.285784120559693
7.170000076293945,7.426786642074586
3.490000009536743,3.2325451159477234
6.349999904632568,6.1637051820755016
5.800000190734863,6.249584522247315
6.900000095367432,7.556711854934694
2.5,2.2501848101615907
9.289999961853027,9.610881366729737
7.860000133514404,8.321390657424928
4.230000019073486,3.9279013562202456
10.239999771118164,10.733364715576172
6.900000095367432,7.3051596260070815
8.270000457763672,8.38527853012085
5.989999771118164,6.111437788009645
9.399999618530273,9.707023391723634
4.5,4.395671865940094
3.200000047683716,2.917675527334213
4.119999885559082,4.051428804397583
3.8499999046325684,3.8840642642974856
10.149999618530273,10.465288934707642
9.720000267028809,10.106046085357667
8.829999923706055,9.313653593063355
8.600000381469727,8.789789905548096
9.619999885559082,10.076330528259279
9.300000190734863,9.69730414390564
5.5,5.433591976165772
11.739999771118164,11.76771414756775
9.510000228881836,9.9854931640625
3.1500000953674316,2.6973121416568757
8.899999618530273,9.220924263000489
3.369999885559082,3.3134402346611025
3.430000066757202,3.229638319015503
8.510000228881836,8.613065214157105
7.510000228881836,7.654223814010621
4.130000114440918,4.329028949737549
7.389999866485596,7.248088836669923
4.090000152587891,4.125776002407074
9.800000190734863,10.823648738861085
8.3100004196167,7.847862462997438
4.5,4.338846278190613
9.40999984741211,8.642440204620362
5.460000038146973,5.53568880558014
4.800000190734863,4.617128195762635
8.399999618530273,8.47639831542969
3.3399999141693115,3.2336861419677736
11.260000228881836,11.338225116729738
9.619999885559082,10.05678852081299
5.050000190734863,4.4273567032814025
9.399999618530273,9.846993083953858
8.699999809265137,8.653573474884034
6.210000038146973,6.170817785263062
6.599999904632568,6.904258704185486
11.300000190734863,11.641616315841675
3.5799999237060547,3.5913336634635926
10.119999885559082,10.358632793426516
3.759999990463257,3.812939031124115
5.199999809265137,6.393436546325685
8.65999984741211,8.7115771484375
4.639999866485596,4.305739750862122
8.800000190734863,9.175015497207642
3.5999999046325684,3.7355078840255738
10.600000381469727,11.017519330978395
11.300000190734863,11.340329217910767
4.239999771118164,4.259022378921509
2.4600000381469727,2.391768799424171
4.230000019073486,4.161786930561066
8.199999809265137,8.932854728698732
11.199999809265137,11.910690155029299
5.0,5.053538460731507
5.300000190734863,5.254306006431579
11.5,11.780883789062502
2.700000047683716,2.6557727563381195
5.480000019073486,5.454410309791566
8.5,8.501425170898438
3.819999933242798,3.670393524169922
5.099999904632568,5.2430628347396855
4.360000133514404,4.3945619893074035
5.360000133514404,5.386365671157837
3.4000000953674316,3.137220962047577
8.289999961853027,8.490911693572999
3.9200000762939453,4.272196972370148
8.65999984741211,8.86246605873108
9.0,9.517674732208253
7.199999809265137,7.012547073364259
7.059999942779541,7.255472040176392
8.399999618530273,9.23399103164673
4.110000133514404,4.0725829124450685
3.559999942779541,3.3538333225250243
4.889999866485596,4.973627662658692
11.300000190734863,11.420490169525149
6.949999809265137,7.110703744888307
7.199999809265137,7.329421644210816
8.039999961853027,8.441951246261597
8.5,8.811957406997681
9.270000457763672,9.280589237213135
8.260000228881836,8.543118705749512
10.300000190734863,10.520904169082643
8.0,8.038432817459107
2.9700000286102295,2.530683525800705
5.900000095367432,5.990415868759156
2.8499999046325684,2.6653362572193147
7.699999809265137,7.7749843978881845
5.239999771118164,4.883006587028504
7.099999904632568,7.214358043670655
9.359999656677246,9.975863370895388
4.050000190734863,3.9706712222099303
9.550000190734863,9.92101552963257
9.970000267028809,10.42045234680176
9.239999771118164,9.151368799209596
6.550000190734863,6.542758722305298
9.850000381469727,10.136178884506228
4.860000133514404,4.91650128364563
4.699999809265137,4.258674623966217
10.520000457763672,10.735532712936402
6.230000019073486,6.106610112190247
3.9600000381469727,3.7140988302230835
6.650000095367432,6.6982401704788215
5.800000190734863,5.973408303260804
3.450000047683716,3.4007414245605467
5.800000190734863,5.097353348731994
10.800000190734863,11.203016967773438
4.230000019073486,4.156852548122406
9.880000114440918,9.871895980834962
3.8299999237060547,3.7754549765586853
3.549999952316284,3.4048638463020326
6.5,6.390732779502869
4.510000228881836,4.620792322158813
7.960000038146973,7.948874015808107
6.71999979019165,7.299707365036012
8.010000228881836,7.902587623596192
4.730000019073486,4.696054673194886
6.159999847412109,6.42114320755005
4.480000019073486,4.118867387771607
2.759999990463257,2.419622341990471
4.679999828338623,4.414613249301911
8.90999984741211,9.130439605712892
11.699999809265137,12.032526111602785
7.699999809265137,7.8323376083374034
5.010000228881836,4.729214553833008
8.300000190734863,8.861853933334352
7.090000152587891,7.282937173843385
6.739999771118164,6.980824856758119
10.199999809265137,10.712374820709229
5.829999923706055,5.861464114189149
4.599999904632568,4.408684482574463
10.800000190734863,10.888829870224
9.930000305175781,10.267793512344362
3.5,3.077826588153839
7.25,7.169124660491945
2.3499999046325684,2.257500882744789
6.980000019073486,7.178451585769654
3.4100000858306885,3.822826325893402
7.5,7.658683767318727
2.799999952316284,2.714447259902954
6.800000190734863,7.005588140487672
4.5,4.2640447783470155
8.819999694824219,8.92157705307007
9.199999809265137,9.684351110458374
7.519999980926514,7.411416416168214
6.590000152587891,6.703588600158692
5.579999923706055,5.432015018463136
9.760000228881836,9.772895240783692
8.699999809265137,8.637541923522951
3.9200000762939453,3.5654100251197813
9.520000457763672,9.778649091720583
7.300000190734863,7.727437973022462
9.199999809265137,9.113758230209351
7.349999904632568,7.404024906158448
2.430000066757202,2.1906552159786226
10.699999809265137,11.175291137695314
7.199999809265137,7.221572561264039
7.0,7.305921907424928
2.3399999141693115,2.230522757768631
8.1899995803833,8.25593605041504
9.819999694824219,10.463880662918092
9.65999984741211,9.755210695266724
7.019999980926514,7.394552936553956
7.409999847412109,7.657784109115601
9.5,9.998698587417604
5.699999809265137,5.283435316085815
8.699999809265137,9.037489194869996
9.359999656677246,9.358152170181276
4.519999980926514,4.648966703414917
8.800000190734863,9.010413188934328
9.470000267028809,9.59263197898865
4.179999828338623,4.4111523127555845
7.610000133514404,8.22984085083008
7.179999828338623,7.008694453239442
10.699999809265137,11.29372398376465
8.199999809265137,8.235509719848634
10.100000381469727,10.199273805618287
7.800000190734863,7.744482917785645
8.0,8.519785099029543
8.789999961853027,9.086719284057619
8.6899995803833,8.952754554748536
7.300000190734863,7.558530340194703
6.900000095367432,6.93257269859314
7.010000228881836,7.669923105239869
10.829999923706055,11.206706972122193
2.380000114440918,2.213504889011383
3.9800000190734863,3.7653766322135924
10.399999618530273,10.560521717071534
8.800000190734863,8.736700487136842
7.110000133514404,6.796167135238648
10.789999961853027,11.1712388420105
3.0,2.836078908443451
6.699999809265137,6.892187757492066
3.8499999046325684,4.010844986438752
8.979999542236328,9.328890275955201
4.800000190734863,4.515045104026795
5.199999809265137,4.806590909957886
6.400000095367432,6.687263765335084
4.570000171661377,4.453689436912537
6.309999942779541,6.182464780807496
2.930000066757202,2.9794929242134094
10.850000381469727,10.642494764328005
11.079999923706055,11.315083837509157
10.460000038146973,10.650969314575196
7.400000095367432,7.902457914352418
6.5,6.471998176574708
8.630000114440918,8.618692550659182
6.0,6.074322414398194
9.399999618530273,9.906189060211183
6.230000019073486,6.292118930816652
5.0,4.993483719825745
6.46999979019165,6.568986186981202
4.0,3.7873837542533875
7.150000095367432,6.895981912612916
4.760000228881836,4.655064315795898
8.380000114440918,8.462293233871462
9.25,9.931909189224244
6.630000114440918,6.904050402641297
2.799999952316284,2.8957540261745454
4.739999771118164,4.658172225952149
7.599999904632568,7.609192342758179
4.420000076293945,4.44771514415741
7.179999828338623,7.4975561332702645
8.0,7.808129901885987
6.409999847412109,5.8330798339843755
10.65999984741211,11.099470014572145
6.050000190734863,5.966711983680726
11.869999885559082,12.114110670089723
5.010000228881836,5.065204305648804
3.2300000190734863,2.910908203125
7.800000190734863,7.780593204498292
2.8299999237060547,2.8951736092567444
4.900000095367432,4.849054713249207
9.0600004196167,9.326876907348634
8.899999618530273,9.00523759841919
10.140000343322754,10.070738334655763
4.03000020980835,3.9567039966583253
7.869999885559082,7.471844310760499
10.329999923706055,10.946666135787964
9.40999984741211,9.531075677871705
8.210000038146973,8.20239552497864
6.099999904632568,6.399553966522218
8.010000228881836,7.966961107254029
5.860000133514404,5.775206189155579
5.96999979019165,6.067916183471681
7.800000190734863,8.183214530944825
4.71999979019165,4.6019148349761965
8.5,8.74383577346802
3.299999952316284,3.2742506313323974
10.029999732971191,10.141167898178102
8.699999809265137,9.068124217987062
8.1899995803833,8.46243124961853
5.400000095367432,5.029817643165589
8.0,8.031186990737917
4.949999809265137,4.615493731498718
7.300000190734863,7.416220130920411
7.099999904632568,7.0194580841064464
9.050000190734863,8.76417073249817
2.5999999046325684,2.517015573978424
3.75,3.714630925655365
6.320000171661377,6.560403971672059
8.859999656677246,8.935717277526857
7.650000095367432,7.8126984786987315
7.429999828338623,7.6182349300384535
7.199999809265137,7.187967643737794
8.859999656677246,9.182847890853884
7.099999904632568,7.340163869857789
9.600000381469727,10.069834203720093
4.889999866485596,4.780351624488831
11.0,11.432215757369997
5.03000020980835,4.941085658073425
4.980000019073486,5.098629994392395
4.949999809265137,4.899072961807251
7.599999904632568,7.585565452575684
4.599999904632568,4.5597123670578
4.5,4.311559414863587
9.699999809265137,10.050324144363405
8.119999885559082,8.166995763778688
3.5,3.180568130016327
4.400000095367432,4.421634640693664
8.649999618530273,9.070697317123415
4.110000133514404,3.9392668890953066
10.5600004196167,10.585857830047608
3.4600000381469727,3.493748223781586
3.5,3.2199152374267577
11.5,11.467976531982423
9.029999732971191,9.0256875705719
11.229999542236328,11.546493434906008
4.949999809265137,4.998548450469971
9.0,9.612846813201905
8.4399995803833,8.209965944290163
11.039999961853027,11.429274616241456
9.319999694824219,9.472102699279786
4.929999828338623,4.938702650070191
8.899999618530273,8.946094655990601
4.159999847412109,4.188207201957702
8.899999618530273,9.113820209503174
8.699999809265137,8.660135612487794
7.460000038146973,8.120000123977663
8.569999694824219,8.913384284973146
3.2200000286102295,3.048175406455994
4.25,4.151002213954926
7.5,7.601999549865724
8.770000457763672,8.830012550354006
8.539999961853027,8.354851169586183
4.510000228881836,4.522110424041748
9.300000190734863,9.763036699295045
10.649999618530273,10.844697418212892
8.359999656677246,8.34945897102356
3.4100000858306885,3.33505615234375
6.400000095367432,6.284051399230958
6.699999809265137,6.239446754455567
3.3499999046325684,3.1214205551147463
9.5,10.383625783920289
4.5,4.646052079200745
5.900000095367432,6.093059649467469
2.190000057220459,2.1518018662929532
4.199999809265137,3.3385423278808593
9.140000343322754,9.113115434646607
10.369999885559082,10.640887775421144
4.340000152587891,4.383479995727539
2.5999999046325684,2.828950810432434
9.350000381469727,9.979563598632813
4.889999866485596,4.474196276664734
3.5399999618530273,3.167228844165802
9.1899995803833,9.472387037277223
9.529999732971191,9.78242663383484
4.599999904632568,3.855941159725189
9.039999961853027,8.680813055038453
9.399999618530273,9.80501265525818
10.0600004196167,9.938936491012575
3.200000047683716,3.345290882587433
5.789999961853027,5.769427099227906
6.710000038146973,6.347643432617188
8.069999694824219,8.216682710647584
4.880000114440918,4.635961594581604
4.699999809265137,4.646903176307679
9.0,9.732713489532472
3.0999999046325684,2.932390737533569
4.190000057220459,3.9751166391372683
10.300000190734863,10.776788558959963
7.71999979019165,7.759418649673463
3.430000066757202,3.0761288666725157
10.949999809265137,10.986540546417238
9.600000381469727,9.65588472366333
11.800000190734863,11.820491752624513
3.430000066757202,3.3307128095626832
6.860000133514404,7.208700675964357
8.199999809265137,8.375520305633547
8.069999694824219,8.31293335914612
10.800000190734863,11.00176317214966
4.710000038146973,4.9148444557189945
9.0,9.198990621566773
5.570000171661377,5.733243331909181
9.09000015258789,10.49877564430237
8.9399995803833,9.16652816772461
4.139999866485596,4.296558828353882
9.640000343322754,9.751130924224855
5.099999904632568,5.154594740867615
10.739999771118164,11.154979181289674
6.639999866485596,6.579325227737428
3.5399999618530273,3.472454662322998
5.119999885559082,5.099037652015686
4.829999923706055,4.953323693275451
3.0,2.370455150604248
9.229999542236328,9.591244153976442
10.550000190734863,11.187463359832766
4.199999809265137,4.168228783607483
8.260000228881836,8.262557611465455
7.849999904632568,8.217163848876954
5.760000228881836,5.845865459442139
6.900000095367432,7.158916606903077
10.229999542236328,10.537179803848268
6.239999771118164,6.585438175201417
11.5600004196167,11.5029034614563
11.899999618530273,12.13218945503235
8.579999923706055,9.190961427688599
7.199999809265137,7.650447549819948
10.0,10.22551085472107
10.109999656677246,10.564319705963136
4.800000190734863,4.703631162643433
5.369999885559082,5.064852237701416
3.190000057220459,2.6286421990394593
4.599999904632568,4.425010755062103
7.710000038146973,7.851978015899659
12.350000381469727,12.198176317214967
4.130000114440918,4.200035183429718
9.289999961853027,9.55156909942627
9.40999984741211,9.886922445297243
11.0,11.266200065612795
6.590000152587891,6.206806349754334
4.699999809265137,4.590564637184143
3.440000057220459,2.9142910265922546
10.020000457763672,9.97413242340088
2.6600000858306885,2.515297245979309
4.039999961853027,4.101852314472199
7.900000095367432,7.9682684230804455
4.369999885559082,4.296898436546326
4.699999809265137,4.439682755470276
7.599999904632568,7.974872732162477
4.599999904632568,4.4296159124374395
10.869999885559082,10.796802759170534
4.099999904632568,3.5494516348838805
5.269999980926514,5.234435892105103
7.599999904632568,6.9845091104507455
4.25,4.188232760429383
6.050000190734863,6.2542607641220105
6.409999847412109,6.6168166303634655
6.699999809265137,6.383677682876588
9.970000267028809,10.27189500808716
8.9399995803833,9.970724201202394
6.5,6.520372376441957
4.03000020980835,3.955244288444519
7.949999809265137,7.9619669818878185
4.800000190734863,4.620941200256348
9.399999618530273,9.886256647109986
3.299999952316284,3.2083021068572997
8.609999656677246,8.493241348266602
7.300000190734863,7.15159857749939
6.599999904632568,6.655696496963502
6.449999809265137,6.632614002227784
2.3499999046325684,2.164443086385727
3.4000000953674316,3.1373366141319274
5.590000152587891,5.820019454956055
4.190000057220459,4.187565844058991
8.300000190734863,8.601588182449342
5.510000228881836,5.50120020389557
7.639999866485596,7.222306728363038
9.329999923706055,9.765925445556642
5.71999979019165,5.718942728042603
7.400000095367432,7.917936124801637
10.800000190734863,10.951505632400513
7.5,7.654292182922364
3.700000047683716,3.6012687206268312
10.680000305175781,10.877575836181641
8.09000015258789,8.173533620834352
8.9399995803833,9.516734819412232
7.400000095367432,7.500472993850709
8.130000114440918,7.861660842895509
7.699999809265137,7.984002857208253
9.520000457763672,10.265681743621828
9.350000381469727,9.701519374847413
11.0,11.561685390472414
6.539999961853027,6.618959069252015
7.300000190734863,7.577074928283692
7.789999961853027,8.037701206207277
8.5,8.51633662223816
9.329999923706055,9.835282192230226
6.409999847412109,6.1820417881011975
8.899999618530273,9.041807298660279
3.200000047683716,2.9962477803230287
5.340000152587891,5.464686093330384
7.159999847412109,7.119834189414979
5.300000190734863,5.589296422004701
3.130000114440918,3.079828295707703
8.550000190734863,8.61165566444397
11.770000457763672,12.003270606994631
9.100000381469727,9.290598573684694
7.699999809265137,7.353364181518556
5.099999904632568,5.157292757034302
9.229999542236328,9.40652668952942
11.850000381469727,11.837622318267824
6.5,6.359098739624025
3.1600000858306885,2.9942286610603333
10.100000381469727,10.568039102554323
9.399999618530273,8.428432092666627
7.199999809265137,7.339583692550661
3.8399999141693115,3.7742134737968445
3.8299999237060547,3.8146107149124147
9.199999809265137,9.452531938552857
5.570000171661377,5.614404425621034
8.539999961853027,8.761028957366944
4.21999979019165,4.1583544278144835
8.399999618530273,8.64123320579529
2.5999999046325684,2.4133782875537872
3.049999952316284,2.638239884376526
4.570000171661377,4.69650194644928
10.699999809265137,11.068503370285036
4.690000057220459,4.912274551391602
5.0,5.113121008872986
7.679999828338623,7.589198589324952
4.349999904632568,4.23769942522049
2.799999952316284,2.8978778553009032
5.590000152587891,5.484337682724
9.569999694824219,9.676522550582886
10.319999694824219,10.464564990997316
9.380000114440918,9.182030019760132
10.699999809265137,10.938141107559206
4.389999866485596,4.1246936011314395
5.329999923706055,4.866948518753052
6.03000020980835,6.173920903205873
9.670000076293945,9.9804185295105
6.599999904632568,6.822989473342896
8.300000190734863,8.769910526275636
8.899999618530273,8.809401559829713
5.860000133514404,5.454067506790162
6.900000095367432,6.615098142623903
7.309999942779541,7.498526077270509
6.380000114440918,6.367553162574769
4.0,3.353952329158783
4.199999809265137,3.811240031719208
8.199999809265137,8.192352323532106
8.100000381469727,8.765141315460205
6.199999809265137,5.995702638626099
9.199999809265137,9.198562517166138
4.400000095367432,4.0335923457145695
10.800000190734863,11.083791170120241
7.71999979019165,8.053092517852784
7.519999980926514,7.463865594863893
2.9700000286102295,2.769000619649887
8.899999618530273,9.187078456878663
7.849999904632568,7.839061403274537
10.399999618530273,9.550112266540529
9.0,9.476804180145265
4.199999809265137,4.102132019996644
9.399999618530273,9.550733337402345
10.210000038146973,10.572982749938966
9.130000114440918,9.503999671936036
10.5,10.799495344161988
7.78000020980835,7.557292032241822
6.019999980926514,6.372908301353456
9.300000190734863,9.435500411987306
9.630000114440918,10.441326589584351
6.800000190734863,6.941742758750917
3.119999885559082,2.6437202596664426
7.0,6.899430708885194
8.069999694824219,8.364823446273805
7.559999942779541,7.849621524810792
7.710000038146973,7.474973945617677
5.199999809265137,4.952031393051148
10.649999618530273,10.960534801483156
6.300000190734863,6.3509353637695325
8.819999694824219,8.968110723495485
3.9100000858306885,3.971714007854462
6.28000020980835,6.302985434532166
7.639999866485596,7.935023241043091
6.460000038146973,6.437155590057374
9.5,9.680956945419313
2.4000000953674316,2.847428946495056
6.099999904632568,5.715096497535707
5.300000190734863,5.383810143470765
4.139999866485596,4.416090369224548
8.9399995803833,9.563455066680909
7.099999904632568,6.8075972032547005
5.150000095367432,4.8657578134536745
8.350000381469727,8.451736307144166
4.070000171661377,4.018103752136231
3.25,3.1231050181388853
9.699999809265137,10.23641857147217
4.699999809265137,4.8560363292694095
8.279999732971191,8.234298248291017
4.789999961853027,4.779813299179077
7.199999809265137,7.1102312326431285
6.0,5.976077566146851
3.799999952316284,3.4140243220329287
5.210000038146973,5.330391340255738
9.5,9.729580659866334
4.599999904632568,4.70323564529419
4.039999961853027,3.9954186916351317
9.050000190734863,9.198313322067262
9.399999618530273,9.765329933166505
4.900000095367432,4.5364995241165165
4.099999904632568,3.900554909706116
7.289999961853027,7.400861406326295
10.600000381469727,11.024186897277833
3.700000047683716,4.407261514663697
4.480000019073486,4.551752820014954
7.099999904632568,6.851471514701844
2.2899999618530273,2.2474321228265763
8.359999656677246,8.940126113891603
9.920000076293945,10.204726066589357
6.449999809265137,6.370446381568909
3.319999933242798,3.3086023354530334
7.420000076293945,7.811414165496827
8.270000457763672,8.317482128143311
10.5,10.620825653076173
10.470000267028809,10.435571460723878
4.190000057220459,4.290341730117798
5.710000038146973,6.251768813133241
10.600000381469727,10.694854488372805
2.5399999618530273,2.3953623604774474
8.300000190734863,8.574769039154054
9.399999618530273,9.697980804443361
3.549999952316284,3.3946214485168458
8.899999618530273,8.799458675384523
6.199999809265137,6.223473348617555
6.0,5.677037696838379
4.800000190734863,4.725331263542175
9.039999961853027,9.382565622329713
9.180000305175781,9.94861804008484
4.739999771118164,4.899533333778382
9.020000457763672,9.643105487823487
6.119999885559082,6.238524413108826
8.430000305175781,8.715481843948366
11.170000076293945,11.487712783813478
4.400000095367432,3.6151431369781495
10.510000228881836,10.582597208023072
4.809999942779541,4.760495247840882
11.270000457763672,11.574082527160646
8.0,8.446062965393068
2.799999952316284,2.5291080856323243
9.260000228881836,9.564095945358277
11.9399995803833,12.165694694519045
9.0,9.425347948074341
7.300000190734863,7.135273742675782
6.900000095367432,6.856330499649049
5.21999979019165,5.227560024261475
9.5,9.974356698989869
4.489999771118164,4.264314260482788
7.0,7.0225736618042
9.90999984741211,9.924108104705812
5.599999904632568,5.175648531913757
3.4600000381469727,3.3640624618530275
9.75,10.065247735977174
3.4000000953674316,3.1303153824806214
3.5,4.220225257873535
10.270000457763672,10.40601308822632
10.430000305175781,10.879187297821046
10.319999694824219,10.826616716384889
6.599999904632568,7.082168030738831
10.850000381469727,10.82691191673279
6.079999923706055,6.161213550567628
7.300000190734863,7.139441051483155
2.130000114440918,2.09284987360239
7.199999809265137,7.1796413326263435
10.0,10.08288052558899
8.029999732971191,8.293368349075319
4.840000152587891,4.856869215965271
7.510000228881836,7.940740032196046
2.619999885559082,2.234049187898636
6.300000190734863,6.4276877737045295
6.170000076293945,6.384300351142884
2.819999933242798,2.6259933030605316
7.119999885559082,7.199449787139893
2.1600000858306885,2.2721694487333295
8.699999809265137,8.69847140312195
6.059999942779541,6.187167859077454
5.039999961853027,4.8826248073577885
8.640000343322754,9.083782615661622
8.300000190734863,8.82112331390381
9.180000305175781,9.237004375457765
8.399999618530273,8.504910068511965
6.860000133514404,7.225371828079225
4.329999923706055,4.363720262050629
4.199999809265137,4.089151191711426
8.619999885559082,8.654549169540406
3.799999952316284,3.845263628959656
7.0,6.983621912002564
7.800000190734863,7.545002241134645
4.869999885559082,5.001793737411499
11.5,11.816827306747438
11.1899995803833,11.799981718063355
4.559999942779541,4.455335402488709
6.320000171661377,7.268905572891236
4.889999866485596,4.841084623336792
4.170000076293945,4.2081902527809145
7.630000114440918,7.897769212722779
2.740000009536743,2.4210931921005248
6.019999980926514,6.142978219985963
2.299999952316284,2.19690913438797
4.199999809265137,4.152824532985687
8.270000457763672,8.392290496826172
9.420000076293945,9.590651197433473
3.609999895095825,3.513615143299103
3.5299999713897705,3.414991390705109
4.940000057220459,4.6893698549270635
6.119999885559082,6.11805775165558
7.710000038146973,7.873150014877321
8.720000267028809,8.878117427825929
9.699999809265137,10.011445875167848
4.130000114440918,4.155198755264283
7.5,7.71041922569275
10.600000381469727,10.73236921310425
8.710000038146973,9.051106748580933
11.050000190734863,11.56244128227234
3.430000066757202,3.6833540654182433
3.7899999618530273,3.8633027982711794
9.779999732971191,10.131920204162599
3.630000114440918,3.3920120882987974
9.380000114440918,9.405245571136476
9.4399995803833,9.465754613876344
6.860000133514404,7.051172313690187
7.039999961853027,7.542280263900758
7.099999904632568,7.0244637107849135
7.099999904632568,7.139812927246095
9.319999694824219,9.634645633697511
3.5999999046325684,3.5432581782341
4.360000133514404,4.276041605472565
4.239999771118164,4.047281942367554
7.519999980926514,7.986129322052003
7.5,7.686901597976686
10.890000343322754,11.039534120559694
10.399999618530273,11.117091302871705
7.400000095367432,7.584024915695191
6.300000190734863,6.4989096498489385
9.489999771118164,10.15590171813965
3.809999942779541,3.8908455657958987
10.979999542236328,11.42077003479004
7.159999847412109,6.89674994468689
10.050000190734863,10.301649541854859
4.199999809265137,3.82922345161438
4.769999980926514,4.498880968093872
5.960000038146973,5.780214691162111
10.050000190734863,9.700944948196412
6.199999809265137,6.255695872306824
8.319999694824219,8.70563033103943
8.899999618530273,9.71382769584656
8.220000267028809,7.998767347335816
4.099999904632568,3.9502971267700198
9.300000190734863,9.458489618301392
5.800000190734863,5.944316692352296
5.099999904632568,4.731499800682068
5.690000057220459,5.297568831443787
10.0,10.137168636322023
3.8499999046325684,3.843471660614014
5.150000095367432,4.827122988700867
4.630000114440918,4.567502589225769
9.460000038146973,9.585444297790529
9.90999984741211,9.913098154067994
6.199999809265137,6.089816598892213
3.059999942779541,2.8934682202339173
10.800000190734863,10.961034469604494
7.5,7.099750661849977
9.3100004196167,9.724004440307619
7.739999771118164,7.890472269058229
5.360000133514404,5.293720364570618
9.0,9.137858591079713
5.440000057220459,5.398270807266236
3.5399999618530273,3.3350991225242614
2.799999952316284,2.635037248134613
4.400000095367432,4.343885290622711
9.600000381469727,9.953690757751467
9.399999618530273,9.89948187828064
8.289999961853027,8.544559564590456
7.5,7.695923738479615
5.630000114440918,5.565784544944764
7.900000095367432,8.080121879577638
8.020000457763672,8.402860202789308
9.300000190734863,9.4284072971344
2.690000057220459,2.9895402789115906
9.489999771118164,9.920901794433595
9.850000381469727,10.504972934722902
9.279999732971191,9.766564407348634
11.899999618530273,12.091435194015505
10.100000381469727,10.249494285583497
3.130000114440918,2.980592497587204
7.900000095367432,8.32884478569031
5.440000057220459,5.422898631095887
4.539999961853027,4.501978335380555
8.0,8.148262042999269
9.930000305175781,10.234727878570558
9.90999984741211,10.797078790664674
9.199999809265137,9.390999279022218
5.349999904632568,4.987420930862427
4.840000152587891,4.749973783493042
8.829999923706055,9.145179176330567
4.579999923706055,4.514189214706421
8.15999984741211,8.301828842163086
7.099999904632568,7.0652336263656625
6.760000228881836,7.115156669616701
8.119999885559082,7.7318059158325205
6.409999847412109,6.494199862480165
6.900000095367432,7.214250059127808
5.480000019073486,5.003805508613587
3.880000114440918,3.8094597244262696
5.880000114440918,5.871923599243165
3.9000000953674316,3.7146131944656373
7.5,6.838654899597169
6.420000076293945,6.7892171478271495
9.729999542236328,9.934651613235475
3.0199999809265137,2.9275327110290528
8.5,8.699293746948243
7.599999904632568,8.11967553138733
6.0,5.5779459047317514
8.710000038146973,8.849288110733033
3.180000066757202,2.9698176050186156
6.599999904632568,6.3231472349166875
7.800000190734863,8.112735128402711
5.320000171661377,5.458909559249879
8.180000305175781,8.462376937866212
9.130000114440918,9.272253980636599
9.069999694824219,9.239027967453005
8.600000381469727,8.792010297775269
3.430000066757202,3.6355065298080445
7.300000190734863,7.363107070922853
4.590000152587891,4.725583653450013
8.229999542236328,8.467119312286378
7.079999923706055,7.0752126121521
5.099999904632568,5.075935029983521
9.739999771118164,10.076678123474123
3.4000000953674316,3.3620596361160278
4.360000133514404,4.328574008941651
5.760000228881836,5.750109686851502
7.099999904632568,7.543348608016969
11.25,11.2074245262146
8.789999961853027,9.311465787887574
4.570000171661377,4.471073989868164
9.40999984741211,9.729794073104859
3.5,3.1249837255477906
9.170000076293945,9.83890127182007
4.369999885559082,4.290599551200867
9.069999694824219,9.118588142395021
10.210000038146973,10.375683488845826
2.4000000953674316,2.334136202931404
6.800000190734863,6.828700513839722
9.539999961853027,9.805884199142458
6.730000019073486,6.964181499481202
9.5,9.582514019012452
6.599999904632568,6.4458128833770765
7.650000095367432,7.295478076934815
4.170000076293945,4.095901823043823
9.350000381469727,9.951192417144776
4.809999942779541,4.7670315074920655
6.190000057220459,6.183429293632508
4.25,4.261699628829956
8.649999618530273,8.567580718994142
9.65999984741211,9.889561996459962
6.699999809265137,6.3968131399154675
7.199999809265137,7.046254224777223
10.010000228881836,10.038685455322266
9.279999732971191,9.632878904342652
7.440000057220459,7.3588598918914805
9.899999618530273,10.149715929031373
7.0,6.964786596298219
8.010000228881836,8.01532795906067
7.400000095367432,7.653448753356934
11.399999618530273,11.86920044898987
10.40999984741211,10.876123476028443
9.600000381469727,9.224329929351807
7.389999866485596,7.797760190963746
7.389999866485596,7.587674026489259
6.5,6.638826308250428
4.199999809265137,4.1255921411514285
3.6700000762939453,3.6501700639724732
3.5399999618530273,3.5291663551330568
7.989999771118164,8.054808130264282
9.149999618530273,9.367733402252199
9.869999885559082,10.366417264938356
11.600000381469727,11.844817028045656
10.800000190734863,10.732448444366456
8.850000381469727,9.157026805877686
9.5,10.371578798294069
9.399999618530273,9.555941514968874
5.599999904632568,5.478869128227235
4.400000095367432,4.12234206199646
9.529999732971191,9.61171904563904
6.619999885559082,6.553814358711244
10.199999809265137,10.559181814193726
8.5,8.8218740940094
3.109999895095825,3.2371231174468993
3.930000066757202,4.029958250522614
8.899999618530273,9.168981781005861
8.510000228881836,8.65410445213318
7.730000019073486,8.177780799865724
8.050000190734863,7.953309049606324
9.65999984741211,9.97997636795044
4.199999809265137,4.26086226940155
7.199999809265137,7.33603298187256
9.739999771118164,9.646884946823121
5.559999942779541,5.776887617111207
8.789999961853027,9.373606100082398
3.3499999046325684,3.294335436820984
8.109999656677246,8.378663358688355
7.71999979019165,8.201701612472535
7.840000152587891,7.780656461715699
6.159999847412109,6.168478226661683
10.380000114440918,10.049011077880861
7.829999923706055,7.731697931289673
10.899999618530273,11.571250009536744
8.380000114440918,8.406099100112916
3.799999952316284,3.7884602451324465
5.099999904632568,5.194681606292725
9.239999771118164,9.519227409362793
5.739999771118164,5.946748261451722
6.429999828338623,6.33587471485138
5.929999828338623,5.9726629543304455
7.099999904632568,6.968160314559937
5.650000095367432,5.82013638496399
5.010000228881836,5.537234454154969
5.510000228881836,5.631001777648927
4.239999771118164,3.917379412651062
8.699999809265137,9.005076580047609
5.570000171661377,5.678948512077333
7.929999828338623,8.243393869400025
4.820000171661377,4.793311367034912
4.800000190734863,4.577838754653931
10.09000015258789,9.975446128845215
4.440000057220459,4.618622088432312
10.819999694824219,10.898299922943117
5.409999847412109,5.232875547409058
8.899999618530273,9.484563093185425
8.800000190734863,9.143302545547487
2.950000047683716,2.602574075460434
9.640000343322754,9.909072055816651
3.5999999046325684,3.7243902683258057
3.2300000190734863,3.396886727809906
9.300000190734863,9.533600215911866
3.630000114440918,3.6230245709419253
10.5,10.324933948516847
7.199999809265137,7.652829599380494
10.1899995803833,10.787323760986329
9.5,10.036350688934327
10.0,10.25885763168335
8.0,8.131521244049074
7.099999904632568,7.327580156326295
7.599999904632568,7.698323040008546
8.579999923706055,8.79564407348633
9.9399995803833,9.785257234573365
11.520000457763672,11.78004291534424
9.619999885559082,9.898319606781007
5.929999828338623,5.865377755165101
9.300000190734863,9.470367918014528
6.449999809265137,6.403646836280823
4.119999885559082,4.223483324050903
8.300000190734863,8.233498268127443
2.630000114440918,2.402260152697563
8.569999694824219,8.557276821136476
2.7799999713897705,2.5728371131420134
8.770000457763672,8.802220268249513
9.199999809265137,10.440090837478639
9.5,10.065409393310548
9.399999618530273,9.440304765701296
10.399999618530273,10.758926382064821
9.699999809265137,9.638082609176637
7.400000095367432,7.339797744750977
7.159999847412109,7.083941469192506
6.150000095367432,5.924859986305238
4.179999828338623,3.969976031780243
10.210000038146973,10.237460718154908
5.860000133514404,5.518018956184388
8.979999542236328,9.462343196868897
3.569999933242798,3.3190568685531616
7.78000020980835,7.967039060592652
9.5,9.45584559440613
9.300000190734863,10.47746626853943
10.0,10.396075315475466
3.0999999046325684,2.680042841434479
4.5,4.454216899871827
8.899999618530273,9.396015768051148
9.9399995803833,10.120043821334841
4.5,4.527416043281555
8.140000343322754,8.074274740219117
10.100000381469727,10.5552023601532
7.599999904632568,7.703856449127199
5.539999961853027,5.680425472259523
3.4100000858306885,3.368040158748627
8.319999694824219,8.348936939239502
5.840000152587891,5.2189781284332275
11.220000267028809,11.401844625473023
4.309999942779541,4.068240847587585
5.71999979019165,5.871739897727967
7.199999809265137,7.421104993820191
3.490000009536743,3.7767571806907654
7.300000190734863,7.234871273040772
4.840000152587891,4.495038890838623
9.90999984741211,10.080964279174806
9.119999885559082,9.220452709198
3.7200000286102295,3.778338451385498
4.860000133514404,4.371068801879883
6.599999904632568,6.657516899108888
3.4000000953674316,2.9008668386936187
9.65999984741211,9.84197403907776
10.6899995803833,11.045215129852297
9.6899995803833,9.883827314376832
9.5,9.482991247177125
6.360000133514404,6.006533041000367
7.460000038146973,7.92796654701233
2.109999895095825,2.2020191115140912
3.1600000858306885,3.0191490495204927
5.050000190734863,4.816653280258179
7.71999979019165,7.77187201499939
5.809999942779541,5.959888830184937
7.599999904632568,7.418040533065797
4.170000076293945,4.101760783195496
5.309999942779541,4.982065472602844
7.920000076293945,8.021433238983155
6.989999771118164,6.920584497451783
9.0,9.42283618927002
8.960000038146973,9.482477521896364
9.789999961853027,10.287455005645754
8.800000190734863,9.200790576934816
10.210000038146973,10.416695251464844
3.299999952316284,2.9645140624046324
2.5,2.2989868748188016
3.7100000381469727,3.6546466302871705
10.649999618530273,10.769965085983278
5.800000190734863,5.577997341156006
3.4000000953674316,3.205105381011963
7.590000152587891,7.603758611679078
7.78000020980835,7.92371361732483
9.890000343322754,10.275757532119751
9.800000190734863,10.103765630722046
7.849999904632568,7.928521804809571
6.300000190734863,6.60401279449463
8.920000076293945,9.176126012802126
6.099999904632568,5.735470113754273
7.849999904632568,8.304888191223146
6.329999923706055,5.572429747581483
3.6600000858306885,3.4881972432136537
4.199999809265137,4.070532484054565
5.849999904632568,5.618735628128053
7.599999904632568,7.8661802196502695
3.5999999046325684,3.502243220806122
5.46999979019165,5.465282883644105
6.599999904632568,6.216689171791078
10.399999618530273,10.815092401504518
8.890000343322754,8.835491647720339
6.199999809265137,5.8495743131637585
10.0,9.941857185363771
6.170000076293945,6.246789383888245
10.520000457763672,10.912172422409059
5.0,4.693686680793762
4.5,4.476662349700928
9.680000305175781,10.395148181915284
8.720000267028809,9.313020381927492
9.119999885559082,8.967815523147584
9.34000015258789,9.263615217208864
4.639999866485596,4.6205054283142095
9.149999618530273,9.442874031066896
7.599999904632568,7.291587438583375
6.880000114440918,7.257635564804078
10.899999618530273,11.362478828430177
6.659999847412109,6.652818293571473
8.600000381469727,9.506735067367554
10.390000343322754,10.92939308166504
5.150000095367432,4.918841481208801
4.199999809265137,4.118615956306457
8.100000381469727,8.304911832809449
11.550000190734863,11.722984266281129
3.5,3.103617482185364
3.9000000953674316,3.84608357667923
9.350000381469727,9.397047052383424
4.78000020980835,4.409544205665589
3.859999895095825,3.725268201828003
9.5,9.942361326217652
2.630000114440918,2.4517940282821655
9.229999542236328,9.471629867553713
6.400000095367432,6.672330589294434
6.400000095367432,6.4856882524490365
3.119999885559082,3.1070713901519778
3.490000009536743,3.3366022801399233
9.520000457763672,9.704131450653078
3.819999933242798,3.529554843902588
6.869999885559082,6.938371915817262
8.100000381469727,8.556504316329956
7.239999771118164,7.150220336914064
4.539999961853027,4.584059686660766
9.489999771118164,9.978652439117432
10.890000343322754,11.317714443206789
4.179999828338623,4.336059126853943
2.9700000286102295,2.9240392673015596
11.300000190734863,11.248918704986574
10.25,10.543263359069826
4.0,3.8474635744094847
9.329999923706055,9.479165143966675
5.820000171661377,6.409390463829041
4.230000019073486,4.158663365840912
3.950000047683716,4.012625453472138
9.199999809265137,9.601663703918458
8.899999618530273,9.536639757156372
8.350000381469727,9.10348116874695
6.349999904632568,6.475576362609864
9.350000381469727,9.197613019943239
7.179999828338623,7.265371475219728
3.700000047683716,3.4937531757354736
7.349999904632568,7.511047172546387
3.049999952316284,3.4637387442588805
8.100000381469727,8.299080667495728
7.75,7.5227689266204845
6.699999809265137,7.200897035598756
5.139999866485596,5.348203358650208
7.199999809265137,7.7622364711761485
4.199999809265137,4.080794849395752
8.770000457763672,9.040457811355592
4.0,3.855381269454956
10.970000267028809,11.034444789886475
9.65999984741211,9.846989889144899
7.269999980926514,7.189622554779054
5.75,5.472999305725098
3.799999952316284,3.782935461997986
9.75,9.76668453216553
8.779999732971191,9.023947038650514
11.170000076293945,11.589861688613892
9.619999885559082,10.223944759368898
9.399999618530273,9.549783840179444
5.019999980926514,4.964179973602295
4.300000190734863,4.107344670295715
10.59000015258789,10.996120500564576
5.460000038146973,5.563444666862488
4.440000057220459,4.417083475589752
6.789999961853027,6.156412072181703
7.389999866485596,7.553623752593995
6.699999809265137,6.949314136505128
8.100000381469727,8.401609115600587
5.849999904632568,5.7389732217788705
10.59000015258789,10.788521175384522
7.829999923706055,7.875505867004396
4.599999904632568,4.464234862327576
9.899999618530273,10.005810871124268
5.269999980926514,5.264720764160156
5.670000076293945,5.927347145080567
2.069999933242798,2.0006633016467092
6.889999866485596,6.441356444358827
7.440000057220459,7.536428651809693
9.279999732971191,9.52467839241028
10.779999732971191,10.74663914680481
9.199999809265137,10.250741539001465
4.800000190734863,4.657554669380188
8.770000457763672,9.066607322692873
3.5199999809265137,3.5528660869598387
3.9200000762939453,3.8276246094703676
8.100000381469727,8.260029878616335
4.639999866485596,4.606564879417419
7.260000228881836,7.302672786712647
8.0,8.167646226882935
10.100000381469727,10.516261472702027
2.5899999141693115,2.3456455421447755
9.5,10.009485540390015
7.400000095367432,7.786087636947633
7.900000095367432,7.58383514404297
3.4000000953674316,3.331079733371735
4.699999809265137,4.330626673698426
6.159999847412109,6.433457918167115
4.239999771118164,4.096288394927979
9.779999732971191,10.186007041931154
4.360000133514404,4.138944685459137
6.150000095367432,6.037579236030579
8.430000305175781,8.889707555770876
10.899999618530273,11.208855800628664
7.699999809265137,7.1797499561309825
4.159999847412109,3.932024097442627
4.369999885559082,4.392224826812744
3.0,2.957371428012848
4.050000190734863,4.080101096630097
9.430000305175781,9.830589017868043
8.399999618530273,9.126738739013673
8.699999809265137,8.902858028411867
8.850000381469727,9.080245323181153
2.240000009536743,2.395476734638214
3.690000057220459,3.576753513813019
7.599999904632568,7.970330352783204
7.900000095367432,8.105994720458986
7.829999923706055,7.808490276336671
8.970000267028809,9.808475828170778
8.5,8.794730997085573
7.769999980926514,8.032380571365357
6.199999809265137,6.5910651922225965
11.0,11.388689680099489
10.380000114440918,10.82195357322693
3.799999952316284,3.7118116664886474
6.400000095367432,6.503618159294129
8.899999618530273,9.126986656188967
6.480000019073486,6.628209319114686
7.769999980926514,8.099476032257082
5.050000190734863,5.29202775478363
10.699999809265137,11.22521513938904
8.390000343322754,8.209615793228151
9.460000038146973,9.82610414505005
6.860000133514404,7.119815659523011
8.949999809265137,9.068701200485231
7.5,7.67837465286255
7.739999771118164,7.764428749084473
7.400000095367432,7.711522073745728
5.019999980926514,4.49053005695343
4.179999828338623,4.032910573482513
6.400000095367432,5.967440080642701
4.199999809265137,4.1408796215057375
6.099999904632568,6.15267638206482
7.019999980926514,7.103154411315919
9.029999732971191,9.22097857475281
4.659999847412109,3.961951789855957
9.1899995803833,9.30269220352173
2.559999942779541,2.4065993422269822
3.299999952316284,3.0386966478824617
4.309999942779541,4.260085451602936
9.760000228881836,10.047604084014894
4.28000020980835,4.490914711952209
7.900000095367432,8.033546676635742
3.819999933242798,3.69966468334198
7.400000095367432,7.357420310974122
9.699999809265137,10.159097166061402
7.650000095367432,7.646777353286744
7.400000095367432,7.725627794265748
8.90999984741211,9.224672412872316
7.849999904632568,7.867866439819337
5.340000152587891,4.961257681846619
3.569999933242798,3.5398793482780455
7.5,7.408521919250489
3.009999990463257,2.667173272371292
9.920000076293945,9.958132820129396
7.699999809265137,8.491693782806397
5.949999809265137,6.024040913581849
8.670000076293945,9.360145730972292
7.860000133514404,7.8906722640991225
9.239999771118164,9.473711605072022
8.899999618530273,9.158574371337892
6.840000152587891,7.070972142219545
9.470000267028809,9.15142183303833
6.599999904632568,6.344758839607239
5.210000038146973,5.146731357574463
4.619999885559082,4.650494141578674
6.0,6.312011089324952
6.5,6.724306297302247
10.0,10.217106590270998
6.900000095367432,7.340673761367799
5.289999961853027,5.11163094997406
8.800000190734863,9.062218294143678
3.6600000858306885,3.7215692520141603
5.809999942779541,5.75387764453888
10.180000305175781,10.102019987106324
7.760000228881836,8.251398143768311
5.079999923706055,5.2039376068115235
3.0,2.6770508229732513
9.399999618530273,9.685262269973757
7.5,7.453066501617433
5.0,4.166545119285583
6.800000190734863,7.046917467117311
4.190000057220459,4.299744851589203
2.880000114440918,2.4224028640985487
7.300000190734863,6.871358242034913
8.9399995803833,8.85806233406067
7.28000020980835,7.615287399291994
8.300000190734863,8.462550096511842
9.359999656677246,9.31153223991394
3.930000066757202,3.759110333919525
9.630000114440918,9.767203369140626
5.0,4.690182614326477
5.340000152587891,5.040264668464661
2.5,2.3718708902597427
2.309999942779541,2.153955047726631
4.21999979019165,4.2843292593956
6.159999847412109,6.251905231475831
8.489999771118164,8.714997510910035
3.1600000858306885,3.2061128640174865
7.699999809265137,8.450533142089844
9.899999618530273,10.112459983825685
7.699999809265137,7.767987127304078
5.070000171661377,4.903101615905762
10.880000114440918,11.368393697738648
5.860000133514404,5.829087920188905
10.399999618530273,10.774288940429688
4.579999923706055,4.723986887931824
5.039999961853027,5.003831706047058
10.899999618530273,10.81322279930115
9.25,9.67180892944336
2.069999933242798,2.0813739401102067
8.920000076293945,9.371928825378419
8.600000381469727,9.766274957656861
8.130000114440918,8.657786149978639
4.599999904632568,4.451916637420655
5.980000019073486,5.520819206237793
8.789999961853027,9.042440509796144
10.199999809265137,10.7148188495636
9.0,9.703394727706911
6.909999847412109,6.567694206237793
2.9700000286102295,2.854741544723511
9.510000228881836,9.738696727752687
3.200000047683716,2.917459717988968
5.550000190734863,5.343200607299805
9.300000190734863,9.58894708633423
3.0399999618530273,2.9285447466373444
3.7899999618530273,3.7161090040206908
10.0,10.629973030090333
5.480000019073486,4.524557328224183
7.550000190734863,7.719047765731813
7.699999809265137,7.617310352325441
4.25,3.9285412764549257
2.9000000953674316,2.643866102695465
7.920000076293945,8.297762489318849
8.699999809265137,9.079731597900391
4.489999771118164,4.379520509243012
10.40999984741211,10.536655855178834
6.820000171661377,7.17483250617981
9.239999771118164,9.634105710983278
5.679999828338623,5.506748309135438
7.5,8.544850931167604
8.399999618530273,8.988836727142335
9.880000114440918,10.314903526306153
2.9700000286102295,2.924910172224045
4.5,4.416652336120605
9.75,10.062019062042237
7.739999771118164,7.9783972454071055
9.600000381469727,10.087930879592896
2.819999933242798,2.708829747438431
3.700000047683716,3.563731472492218
5.599999904632568,5.1044688272476195
7.800000190734863,8.090557403564453
4.059999942779541,4.148474481105804
5.099999904632568,4.760817923545837
11.489999771118164,11.882278718948365
6.5,6.5984439229965215
9.350000381469727,9.314022912979127
7.309999942779541,7.06790927886963
2.940000057220459,2.836651737689972
6.699999809265137,6.706197161674501
6.840000152587891,6.990492029190064
9.319999694824219,9.528803529739381
4.639999866485596,4.46717568397522
7.599999904632568,7.822854137420656
5.699999809265137,5.781610183715821
3.4100000858306885,3.2219702982902527
11.180000305175781,11.270260667800905
2.009999990463257,2.019505586028099
3.180000066757202,3.226364758014679
10.239999771118164,10.529026651382448
10.039999961853027,10.312286338806153
6.539999961853027,6.507487711906434
2.6600000858306885,2.4535154712200162
7.130000114440918,7.527460823059083
8.5,8.29353575706482
9.520000457763672,9.850876693725587
9.699999809265137,10.089679079055788
4.099999904632568,4.211768598556518
3.4200000762939453,3.4471610403060913
6.260000228881836,6.085778999328614
6.5,6.368505215644837
9.640000343322754,10.068683433532716
4.25,4.27453157901764
9.300000190734863,9.328711366653444
6.449999809265137,6.657102851867677
7.800000190734863,8.167431535720826
8.100000381469727,8.337557668685914
3.690000057220459,3.550813901424408
4.900000095367432,4.7185483646392825
6.239999771118164,6.69727086544037
10.199999809265137,10.655229272842409
9.59000015258789,9.763755531311036
4.46999979019165,4.518771529197693
6.300000190734863,6.392821545600892
8.399999618530273,8.722812652587892
10.079999923706055,10.256149072647096
8.869999885559082,9.388654289245606
8.300000190734863,8.416577434539796
6.099999904632568,5.940263757705689
10.6899995803833,11.051242456436158
10.149999618530273,10.632109079360964
9.399999618530273,9.570028066635134
10.229999542236328,10.234935541152955
7.360000133514404,7.813500375747681
3.700000047683716,3.599478030204773
2.700000047683716,2.419444191455841
3.799999952316284,3.6281367444992068
9.529999732971191,9.882509136199952
10.199999809265137,10.929137496948243
6.400000095367432,6.5882416200637826
6.409999847412109,6.485295290946961
5.619999885559082,5.015905847549439
6.829999923706055,7.157043170928956
3.25,2.799021919965744
10.600000381469727,10.809787101745608
6.590000152587891,6.243598728179933
11.600000381469727,11.821689805984498
10.300000190734863,10.569934902191163
7.480000019073486,7.58443832397461
9.84000015258789,10.052720890045167
7.099999904632568,7.344987392425538
4.460000038146973,4.34462424993515
7.420000076293945,7.611900262832642
3.5299999713897705,3.522106626033783
4.400000095367432,4.310757997035981
7.630000114440918,7.9873465442657485
11.199999809265137,11.361429653167725
10.420000076293945,10.49281029701233
7.690000057220459,7.884562511444093
6.679999828338623,6.59807460308075
8.819999694824219,8.584679336547852
3.799999952316284,3.797628707885742
6.0,6.460565233230592
4.449999809265137,4.305695023536682
4.300000190734863,4.4820424079895025
3.5,3.4292533373832703
7.070000171661377,7.7334148216247565
6.099999904632568,6.3067901325225835
5.5,5.085320100784302
11.5600004196167,11.850827102661134
8.199999809265137,8.368671913146974
6.949999809265137,7.008954830169679
4.800000190734863,4.749448876380921
6.5,6.646558704376222
4.679999828338623,4.894278512001038
7.909999847412109,7.91518219947815
9.539999961853027,9.976037168502808
6.199999809265137,6.4778370094299325
4.360000133514404,4.026631495952606
6.860000133514404,7.097928023338318
8.399999618530273,8.77570399284363
7.519999980926514,8.150300331115723
11.0,11.403045234680176
10.90999984741211,11.18877323150635
10.619999885559082,10.964003725051882
9.449999809265137,9.716170768737793
8.600000381469727,8.715359163284303
8.140000343322754,8.260358304977418
3.5899999141693115,3.8299253511428835
4.190000057220459,3.9373645401000976
5.690000057220459,5.038895373344421
10.489999771118164,10.515715160369874
4.230000019073486,4.233043789863586
9.199999809265137,9.44728222846985
6.5,6.587475504875184
4.400000095367432,4.377121527194977
10.699999809265137,11.180060348510743
6.900000095367432,6.7545592212677015
2.3299999237060547,2.0713295805454255
7.630000114440918,7.942417306900025
4.420000076293945,4.277212183475495
3.7799999713897705,3.8486710524559022
8.420000076293945,8.598443851470948
5.559999942779541,5.9518407869339
9.520000457763672,9.775300931930543
5.199999809265137,5.824484519958497
10.600000381469727,11.062490100860597
9.59000015258789,9.143141527175905
3.9000000953674316,3.715517485141754
7.519999980926514,7.972796745300294
10.210000038146973,9.988498840332033
5.679999828338623,5.632363724708558
8.979999542236328,8.759085874557496
2.4000000953674316,2.2742521446943282
9.5600004196167,9.86665138244629
7.119999885559082,7.409556398391724
6.550000190734863,6.646666049957276
9.300000190734863,9.172216205596925
9.949999809265137,9.950862073898316
9.199999809265137,9.610805969238282
3.5999999046325684,3.348476586341858
11.300000190734863,11.76252130508423
8.100000381469727,8.560937433242799
4.5,4.26726802110672
9.050000190734863,9.280385408401491
3.619999885559082,3.493374910354614
7.159999847412109,7.132050180435182
8.5,9.330248069763185
7.769999980926514,7.583986577987672
8.199999809265137,9.06739899635315
3.890000104904175,3.9159454226493837
5.460000038146973,5.694437584877015
6.489999771118164,6.607955188751221
9.430000305175781,9.64088381767273
9.380000114440918,9.817305641174318
11.899999618530273,12.057142114639284
6.079999923706055,6.353973946571351
6.650000095367432,6.61217233657837
10.329999923706055,10.422401180267336
11.5600004196167,11.7074031829834
4.039999961853027,3.853161196708679
8.899999618530273,9.132463836669922
8.329999923706055,8.488619098663332
7.699999809265137,7.836556673049928
9.149999618530273,9.397195291519166
9.819999694824219,10.470940551757813
4.510000228881836,4.55141161441803
6.599999904632568,6.724203424453736
3.299999952316284,3.4048520255088808
8.100000381469727,8.72255259513855
8.069999694824219,8.149626865386963
7.300000190734863,7.637955207824708
9.600000381469727,9.899547052383424
7.400000095367432,7.813980236053468
3.9000000953674316,3.8111151146888735
8.239999771118164,8.308774995803834
4.300000190734863,4.267695646286011
6.25,6.908105573654176
4.239999771118164,4.221781609058381
10.489999771118164,10.90586714744568
9.600000381469727,9.974961795806886
6.239999771118164,6.263352870941163
9.84000015258789,10.334570770263673
4.46999979019165,4.4023330426216125
3.7799999713897705,3.9466210198402405
11.359999656677246,11.46612801551819
7.150000095367432,6.83429174900055
11.270000457763672,11.508283519744875
4.670000076293945,4.940274496078492
6.449999809265137,6.479116849899293
9.600000381469727,9.997459640502932
9.34000015258789,9.287939853668213
8.5,8.908948612213136
5.519999980926514,5.972236766815186
11.0,11.19563440322876
4.190000057220459,4.357176654338836
11.0,11.30603422164917
2.680000066757202,2.6062474668025972
7.980000019073486,7.7534711933136
10.100000381469727,10.228513975143434
7.699999809265137,7.776183090209962
8.899999618530273,8.804263029098513
5.039999961853027,5.043363633155823
3.2699999809265137,3.117825756072998
3.4000000953674316,3.815771069526672
6.199999809265137,6.062024316787721
5.28000020980835,5.256332154273987
9.399999618530273,9.72763566017151
10.359999656677246,10.668251953125
5.809999942779541,5.497738628387452
10.300000190734863,10.374605560302735
4.289999961853027,4.226081342697143
5.800000190734863,5.95330017566681
6.670000076293945,6.923485064506532
6.550000190734863,6.679957876205445
9.300000190734863,9.70077370643616
10.729999542236328,10.940936565399172
8.399999618530273,8.613351469039918
7.449999809265137,7.45626642227173
6.050000190734863,5.7340100860595715
11.199999809265137,11.742232351303102
8.069999694824219,8.2685862159729
4.829999923706055,4.640251264572144
10.800000190734863,10.815011253356936
7.800000190734863,8.07051636695862
6.639999866485596,6.882560839653016
4.869999885559082,4.648101868629456
10.300000190734863,10.848726711273194
7.349999904632568,7.4313469123840346
6.139999866485596,6.130700888633729
3.5899999141693115,3.3302650570869448
5.900000095367432,5.65034954071045
9.970000267028809,10.103639116287233
4.360000133514404,4.215941498279571
8.220000267028809,8.286131467819216
9.0,9.226186752319338
10.789999961853027,11.10458426475525
9.300000190734863,9.519907903671266
4.590000152587891,4.5304306650161745
10.180000305175781,10.27112825393677
9.75,9.682728786468507
2.700000047683716,2.594947826862335
2.700000047683716,2.377252346277237
4.449999809265137,4.530254631042481
8.100000381469727,8.544406213760377
6.659999847412109,6.625193099975587
3.190000057220459,2.8010126054286957
7.400000095367432,7.667777471542359
6.860000133514404,7.07326889038086
3.9000000953674316,3.713514659404755
9.479999542236328,10.039183845520022
8.100000381469727,8.35783959388733
4.239999771118164,4.501632657051086
11.880000114440918,12.160126142501833
4.099999904632568,4.355989782810211
3.880000114440918,4.058247644901276
3.690000057220459,3.5398066663742065
6.050000190734863,6.374148206710816
7.739999771118164,8.165723590850831
2.5,2.426482515335083
7.889999866485596,8.019918260574341
4.679999828338623,4.4149212288856505
8.600000381469727,8.880684137344362
11.100000381469727,11.562468757629397
11.0,11.434531993865969
8.84000015258789,9.294930095672608
8.229999542236328,8.29928002357483
3.049999952316284,3.0547393810749055
6.019999980926514,6.335398688316346
5.099999904632568,5.093272938728333
3.799999952316284,3.7472059965133666
3.25,3.1430738520622254
8.800000190734863,8.600674467086794
10.800000190734863,11.096213865280152
3.440000057220459,3.4322553396224977
6.880000114440918,7.124584550857545
4.070000171661377,3.9885348367691043
9.359999656677246,9.384756622314454
9.960000038146973,10.057723321914674
6.199999809265137,6.422923674583436
7.099999904632568,7.586273422241212
9.699999809265137,10.2865336227417
4.260000228881836,4.353816514015198
9.6899995803833,9.765965700149538
7.0,6.881770124435426
9.100000381469727,9.285702209472657
3.0999999046325684,2.845038830041885
10.0,10.214858722686769
9.699999809265137,10.097027139663698
6.070000171661377,6.353287062644959
4.440000057220459,4.579426255226135
10.550000190734863,10.796965694427492
9.300000190734863,9.656372251510621
10.199999809265137,10.364695901870729
10.5,10.092608718872071
2.9000000953674316,2.908957532644272
9.399999618530273,9.864259748458863
10.399999618530273,10.591766948699952
2.049999952316284,2.137873457670212
4.699999809265137,4.658424615859985
3.299999952316284,3.7531109619140626
10.850000381469727,11.056232748031617
7.039999961853027,6.820598797798158
9.229999542236328,9.615344514846804
6.0,5.960897431373597
9.9399995803833,9.953994264602663
7.599999904632568,7.222813425064088
9.0,9.730908422470094
3.859999895095825,3.8367296552658083
4.21999979019165,3.9318325686454774
10.380000114440918,10.377071313858034
9.0,9.04220537185669
8.119999885559082,8.225253105163576
5.03000020980835,4.853768973350525
7.260000228881836,7.268634014129639
7.409999847412109,7.395069217681885
7.199999809265137,7.322750883102418
3.0999999046325684,2.907142242193222
2.299999952316284,2.1814588385820386
10.100000381469727,10.068844451904297
8.399999618530273,8.856668758392335
3.200000047683716,3.0197195625305175
5.300000190734863,5.32397744178772
4.539999961853027,4.477791395187378
9.5,10.298170394897463
9.859999656677246,10.137419748306275
9.0,9.231515693664551
2.5199999809265137,2.354405229091644
3.5,3.2544508028030394
8.699999809265137,9.71300982475281
8.140000343322754,8.362455453872682
7.440000057220459,7.278305339813233
7.179999828338623,6.745497784614564
6.199999809265137,6.064041838645936
3.9000000953674316,3.234621102809906
10.520000457763672,11.307514057159425
9.399999618530273,9.010885381698609
3.859999895095825,3.859870615005493
10.449999809265137,10.316690063476564
8.829999923706055,9.033772354125977
5.150000095367432,4.659994225502015
9.720000267028809,9.920102453231813
4.760000228881836,4.623285870552063
7.769999980926514,7.752466745376588
11.020000457763672,11.328102684020998
7.909999847412109,7.831075019836427
6.300000190734863,6.061175136566163
7.769999980926514,7.996535453796388
2.700000047683716,2.5194308495521547
3.0999999046325684,2.9026239037513735
4.400000095367432,4.361027836799622
3.9000000953674316,3.44074187040329
4.53000020980835,3.937202882766724
4.869999885559082,4.751045641899109
5.599999904632568,5.6000881671905525
8.220000267028809,8.24480980873108
10.600000381469727,10.609703245162965
8.210000038146973,8.296513957977297
7.550000190734863,7.676342115402223
9.0,9.227209730148317
8.149999618530273,8.765929155349733
9.229999542236328,10.053994340896608
9.899999618530273,9.977829456329347
2.9200000762939453,2.7062124001979826
11.010000228881836,11.244657468795777
7.599999904632568,8.127724533081055
3.6500000953674316,3.5760356402397155
6.940000057220459,6.8526021575927745
3.4000000953674316,3.167982339859009
2.869999885559082,2.731874223947525
3.130000114440918,3.4053598403930665
9.359999656677246,9.585096702575685
2.200000047683716,2.2946754002571104
8.0,8.375193157196046
6.429999828338623,6.420195307731629
4.900000095367432,4.74611764907837
4.199999809265137,4.027166945934296
8.960000038146973,9.689076871871949
9.600000381469727,9.77656352043152
6.050000190734863,5.84960690021515
6.0,6.045019307136537
11.0,11.437147264480592
1.8200000524520874,2.0605091419816017
8.989999771118164,10.13269973754883
12.479999542236328,11.72243284225464
1.9199999570846558,2.017694169282913
8.369999885559082,8.710130538940431
10.699999809265137,11.155029659271241
2.0999999046325684,2.102922127842903
4.070000171661377,4.447772650718689
2.1600000858306885,2.0825900840759277
9.0600004196167,9.239689292907716
10.539999961853027,10.92883846282959
2.1700000762939453,2.100801333785057
9.130000114440918,9.465861320495607
2.3499999046325684,2.099511309862137
9.869999885559082,10.02107502937317
2.140000104904175,2.070139254629612
8.720000267028809,8.875451040267945
2.3499999046325684,2.081184068620205
9.779999732971191,10.460890321731569
2.319999933242798,2.0902937069535255
9.760000228881836,9.988740367889406
2.3299999237060547,2.105808198451996
9.739999771118164,10.132509965896608
2.130000114440918,2.1176276338100433
9.279999732971191,9.454264163970949
4.53000020980835,4.426491389274597
9.100000381469727,9.227610359191896
10.15999984741211,10.425103988647463
4.25,4.2441724276542665
6.840000152587891,7.0436379957199104
4.199999809265137,4.21721031665802
9.0,9.266567220687868
2.859999895095825,2.666940610408783
4.150000095367432,4.435436215400696
9.020000457763672,9.306540031433107
7.699999809265137,7.925139141082765
5.820000171661377,5.729920091629029
9.600000381469727,10.1674675655365
7.150000095367432,6.961592106819154
4.300000190734863,4.098246812820435
9.5,10.128572683334351
10.649999618530273,10.716382389068604
7.650000095367432,8.06842185020447
9.699999809265137,10.24714737892151
7.21999979019165,7.360311613082887
6.5,6.34870698451996
6.5,6.337296724319459
7.300000190734863,7.193596258163453
6.400000095367432,6.433431081771851
8.899999618530273,9.377715263366701
9.119999885559082,9.518607616424562
10.359999656677246,10.528863077163697
3.950000047683716,4.030802478790283
8.699999809265137,7.948381376266481
10.100000381469727,10.395478525161744
4.449999809265137,4.357822804450989
2.8399999141693115,3.0265295374393464
8.600000381469727,9.093080787658693
10.600000381469727,10.975425167083742
3.5,3.2254158997535707
6.659999847412109,6.244044084548951
10.600000381469727,10.672873563766482
10.680000305175781,10.933303527832033
4.400000095367432,4.129033749103546
7.800000190734863,7.865229444503785
6.0,6.173685765266419
6.349999904632568,6.554561624526978
9.640000343322754,9.838953027725221
7.550000190734863,8.01823395729065
4.21999979019165,4.251837892532349
7.699999809265137,8.067342004776002
8.430000305175781,8.688249292373659
10.199999809265137,10.95546208381653
10.100000381469727,10.418611497879029
2.049999952316284,2.4638894152641297
7.619999885559082,7.791929025650026
4.320000171661377,4.056533310413361
7.480000019073486,7.8826833248138435
4.199999809265137,4.070596380233765
4.5,4.37195791721344
7.800000190734863,7.982076387405397
8.149999618530273,8.244121646881105
11.859999656677246,12.078429765701296
4.550000190734863,4.265144591331482
7.5,7.788170013427735
6.599999904632568,6.582335376739503
8.880000114440918,9.138291168212891
9.899999618530273,10.221256647109987
8.260000228881836,8.962620124816896
10.9399995803833,11.440037927627564
9.050000190734863,9.162209424972536
3.5299999713897705,3.7493757510185244
8.920000076293945,9.195000944137574
6.53000020980835,6.26083727836609
5.019999980926514,4.707543206214905
6.099999904632568,6.022198786735536
9.180000305175781,9.815265436172487
9.600000381469727,9.880335388183594
5.860000133514404,5.800258603096009
3.0,3.104245901107788
4.599999904632568,4.439367427825927
3.8499999046325684,3.667053351402283
9.289999961853027,9.53475929260254
4.300000190734863,4.2658234882354735
8.0,8.627362623214722
4.5,4.590511283874512
7.400000095367432,6.89991056919098
4.659999847412109,5.107563638687134
8.989999771118164,9.432834663391114
4.400000095367432,4.062386679649353
5.260000228881836,4.357529201507568
9.5,9.821648025512696
5.190000057220459,4.809585084915161
5.179999828338623,5.334341721534729
8.779999732971191,9.057773036956789
10.649999618530273,10.742276315689088
7.769999980926514,8.249915113449097
3.880000114440918,3.7332395696640015
6.800000190734863,6.757398447990418
8.289999961853027,8.583972005844117
7.829999923706055,7.835493440628053
3.880000114440918,3.9339635062217715
8.489999771118164,8.987554330825807
2.2300000190734863,2.318499889373779
5.239999771118164,4.68680953502655
11.199999809265137,11.348741149902345
2.809999942779541,2.9437198495864867
11.199999809265137,11.466871767044069
10.5,10.82833296775818
8.300000190734863,8.195850639343263
4.489999771118164,4.132272326946259
4.46999979019165,4.363024592399597
11.600000381469727,11.92546359062195
4.239999771118164,4.38199025630951
3.5999999046325684,3.6715660190582278
8.739999771118164,8.72278964996338
4.800000190734863,4.730811958312988
8.010000228881836,7.750577335357667
8.279999732971191,8.34704689025879
3.75,3.761391587257385
10.970000267028809,11.40746940612793
8.020000457763672,8.693181438446047
10.229999542236328,10.226332559585572
4.699999809265137,4.562878422737121
3.0999999046325684,3.2399952507019045
2.569999933242798,2.710212700366974
4.389999866485596,4.148519847393036
8.6899995803833,9.268027887344362
6.329999923706055,6.476410846710206
2.0,2.0482185122370717
4.929999828338623,4.510382280349732
9.600000381469727,10.14228352546692
7.96999979019165,8.116934385299684
9.25,9.263825435638429
10.149999618530273,10.150239877700807
3.5,4.091108012199402
5.460000038146973,5.55839047908783
4.199999809265137,4.095119254589081
8.100000381469727,7.980533933639528
9.710000038146973,10.10921277999878
9.829999923706055,10.378524312973024
11.600000381469727,11.747182388305665
8.739999771118164,9.098266601562502
4.099999904632568,3.555137915611267
5.349999904632568,5.088314275741578
4.800000190734863,4.939913163185119
7.050000190734863,6.990275101661683
5.929999828338623,6.486923365592958
3.109999895095825,2.9793812656402587
10.930000305175781,11.073692378997803
8.380000114440918,8.660024433135987
4.5,3.907917506694794
4.380000114440918,4.130281641483307
3.4000000953674316,3.0171303296089174
7.599999904632568,7.806729297637941
8.399999618530273,8.514806308746339
8.149999618530273,8.652257852554323
7.670000076293945,7.887548379898072
9.350000381469727,9.633174743652345
9.199999809265137,9.687036027908327
8.75,8.828587665557862
9.5,9.738420057296754
3.6500000953674316,3.5114274978637696
5.079999923706055,5.005776066780091
4.710000038146973,4.3140085554122924
4.320000171661377,4.1355284762382505
9.0,9.18981001853943
5.800000190734863,5.822869224548341
11.100000381469727,11.451164808273317
3.690000057220459,3.327192928791046
9.300000190734863,9.425049552917482
6.710000038146973,6.837562913894654
9.779999732971191,10.228949747085572
4.699999809265137,4.5248857545852665
7.150000095367432,6.76762694835663
2.8499999046325684,2.54810098528862
6.5,6.116095180511476
7.800000190734863,7.830255231857301
4.849999904632568,4.510459594726562
8.600000381469727,9.519560308456422
8.699999809265137,8.771082382202149
5.199999809265137,5.011645889282227
7.829999923706055,7.9460312747955335
8.729999542236328,9.19483609199524
3.4200000762939453,3.1480203747749327
10.5,10.86295639038086
5.099999904632568,5.0703418779373175
3.799999952316284,3.518930506706238
3.380000114440918,3.3563485956192016
10.949999809265137,11.165507354736329
6.860000133514404,7.066427526474
10.260000228881836,10.50483428001404
3.5999999046325684,3.5065697908401487
3.799999952316284,3.8194395089149475
3.700000047683716,3.6343619894981383
7.320000171661377,7.402181501388551
9.869999885559082,10.25511778831482
6.679999828338623,6.839531874656678
8.050000190734863,7.9767091083526624
8.239999771118164,8.239143495559693
9.100000381469727,9.421483507156374
3.0,2.586528227329254
7.119999885559082,6.786363224983217
2.2899999618530273,2.396645795106888
8.989999771118164,9.208035764694214
7.420000076293945,7.9579357719421395
9.800000190734863,10.031222381591798
5.230000019073486,5.176499629020691
7.550000190734863,8.227582759857178
9.800000190734863,9.713142089843751
7.639999866485596,8.287059240341188
4.090000152587891,4.113997220993042
3.9800000190734863,3.744554305076599
3.5999999046325684,3.5705477571487427
3.2799999713897705,3.115866858959198
8.949999809265137,8.960136480331421
7.099999904632568,6.911238083839417
9.470000267028809,10.192815818786622
3.9000000953674316,3.6415483927726746
9.569999694824219,9.773550176620484
3.5999999046325684,3.356708490848541
7.699999809265137,7.70532925605774
4.010000228881836,3.7251281094551087
9.739999771118164,9.900077390670777
2.950000047683716,2.780539790391922
9.920000076293945,9.929635763168337
4.699999809265137,4.521665706634522
2.799999952316284,2.668661653995514
10.460000038146973,10.850531778335572
8.5,8.562578926086427
10.0,10.164195442199707
8.699999809265137,8.565621662139893
10.529999732971191,10.647007112503053
7.199999809265137,6.800558400154115
10.630000114440918,10.957943172454835
2.5199999809265137,2.3701524823904037
9.15999984741211,9.46384795188904
5.139999866485596,5.013334345817566
7.78000020980835,8.115221967697144
11.229999542236328,11.526325883865358
9.539999961853027,9.74106791496277
3.880000114440918,3.9691150307655336
8.760000228881836,8.667642135620119
10.399999618530273,11.02106812477112
8.100000381469727,8.38606700897217
10.210000038146973,10.388416719436647
2.740000009536743,2.475299755334854
9.020000457763672,9.14599129676819
5.0,4.518935742378235
4.400000095367432,4.726665735244751
4.070000171661377,4.075387475490571
3.0799999237060547,2.877143305540085
2.109999895095825,2.0878045314550397
8.630000114440918,8.451751003265382
4.150000095367432,3.942019855976105
9.1899995803833,8.39975293159485
5.699999809265137,6.076020455360413
7.059999942779541,7.372739419937135
4.599999904632568,4.507413663864136
7.920000076293945,7.581633281707765
6.760000228881836,6.727974257469178
8.720000267028809,8.713896579742432
4.440000057220459,4.200046684741974
9.0,9.165397844314576
6.900000095367432,6.605880799293519
4.400000095367432,4.011816527843475
10.899999618530273,11.074850177764894
6.079999923706055,6.243357200622559
6.099999904632568,5.719781365394593
3.319999933242798,3.187118287086487
8.850000381469727,8.550387535095217
4.5,4.479093599319458
10.899999618530273,11.209733734130861
9.109999656677246,9.32837655067444
4.139999866485596,3.891610882282257
8.899999618530273,9.078548240661622
8.300000190734863,8.52931329727173
9.270000457763672,9.433476181030274
6.449999809265137,6.294365839958192
7.599999904632568,7.70042841911316
6.860000133514404,7.101975846290589
5.489999771118164,5.57614754676819
9.100000381469727,8.920315742492678
11.0,11.41532032966614
7.150000095367432,7.056382088661195
2.799999952316284,2.8639815711975096
6.019999980926514,6.429038858413697
6.309999942779541,6.616498746871949
10.199999809265137,10.272266244888307
4.380000114440918,4.475395607948303
8.109999656677246,8.195497932434083
3.1500000953674316,3.193636975288391
5.300000190734863,5.441668453216553
5.900000095367432,6.402293195724488
4.820000171661377,4.489354686737061
7.75,7.699584350585939
5.650000095367432,5.929701719284059
4.059999942779541,3.8475841784477236
3.049999952316284,2.6753867268562317
3.259999990463257,3.0318507313728333
8.279999732971191,8.478458967208864
3.700000047683716,3.7235870933532715
8.989999771118164,9.21766619682312
10.630000114440918,10.81174807548523
8.0,8.446838026046754
6.849999904632568,7.02067147254944
9.260000228881836,9.64498275756836
9.479999542236328,9.757548656463625
5.539999961853027,5.337749943733216
10.0,10.287164278030398
7.46999979019165,7.689767341613771
10.75,11.264242925643922
8.699999809265137,8.997605838775636
6.880000114440918,6.601694641113282
4.460000038146973,4.4869620943069455
10.800000190734863,10.952999525070192
9.0,8.836030931472779
9.300000190734863,9.795283184051515
9.979999542236328,10.259643554687502
8.050000190734863,8.001427984237672
3.859999895095825,3.822592465877533
4.820000171661377,5.011915531158447
8.710000038146973,8.827142972946168
4.53000020980835,4.37558450460434
4.110000133514404,4.211496241092682
9.699999809265137,9.871441679000856
4.900000095367432,4.769224743843079
10.899999618530273,10.945584373474123
7.550000190734863,7.775264263153077
4.550000190734863,4.737614345550537
8.399999618530273,9.038002281188966
5.349999904632568,5.035760946273804
3.059999942779541,2.9247538661956787
6.199999809265137,6.051222348213197
5.699999809265137,5.567934651374817
9.880000114440918,10.388055067062378
9.579999923706055,9.495987091064455
3.5799999237060547,3.708914453983307
10.229999542236328,10.49290678024292
4.519999980926514,4.388969156742096
10.239999771118164,10.158320827484133
9.630000114440918,9.580404167175294
4.679999828338623,4.822021517753601
6.5,6.938437089920045
9.119999885559082,9.036127567291262
3.200000047683716,3.7663456177711487
5.360000133514404,5.459694523811341
8.420000076293945,8.73054217338562
2.9700000286102295,2.5572956454753877
7.150000095367432,6.890894179344178
4.769999980926514,4.563462114334107
3.7699999809265137,3.7411852192878725
4.679999828338623,4.624946212768555
7.809999942779541,7.989917087554932
4.71999979019165,4.68272337436676
3.4600000381469727,3.3816537189483644
10.25,10.387953472137452
9.470000267028809,10.145294313430787
6.019999980926514,5.898936986923219
6.019999980926514,6.436540908813478
8.170000076293945,8.250591135025026
9.359999656677246,9.602378063201906
5.900000095367432,5.396684584617615
5.199999809265137,4.563882231712341
10.890000343322754,11.117583942413331
8.270000457763672,8.251624336242676
6.840000152587891,7.071278204917909
8.779999732971191,8.882927532196046
4.239999771118164,4.4079872155189515
3.4800000190734863,3.6157343363761902
10.369999885559082,10.524422931671143
7.900000095367432,7.940609045028688
3.690000057220459,3.584399170875549
6.699999809265137,7.081535139083863
8.390000343322754,8.520843219757081
6.059999942779541,5.927819657325745
9.600000381469727,9.865167713165285
7.929999828338623,7.7937724304199225
9.539999961853027,9.785306434631348
3.7200000286102295,3.8884734201431277
5.199999809265137,4.940559153556824
2.5999999046325684,2.3721902912855146
4.800000190734863,4.813820123672485
3.259999990463257,3.3912149834632874
4.28000020980835,4.196277928352356
5.25,5.109008331298829
8.5,8.900459365844728
9.199999809265137,9.667143869400025
6.190000057220459,6.046890506744385
6.679999828338623,6.666125950813294
3.880000114440918,4.089852612018586
8.300000190734863,8.170624427795412
10.300000190734863,10.474124498367312
2.880000114440918,2.5535585176944733
8.520000457763672,8.51189072608948
7.880000114440918,8.310651626586916
9.649999618530273,9.689392518997193
7.400000095367432,8.145108766555786
4.300000190734863,4.2271851491928105
9.699999809265137,10.105917015075685
4.630000114440918,4.528307075500488
5.079999923706055,5.025055141448974
5.300000190734863,5.1918372678756715
7.5,8.189593925476075
5.400000095367432,4.945359673500061
8.859999656677246,9.149458303451539
8.699999809265137,8.604907588958742
4.829999923706055,4.686571841239929
7.179999828338623,7.2117299938201915
9.300000190734863,9.656786937713624
7.820000171661377,8.015435943603517
8.300000190734863,8.30031897544861
10.170000076293945,10.70081855773926
9.680000305175781,9.981938619613649
8.100000381469727,7.82275637626648
7.550000190734863,7.681070432662965
5.980000019073486,5.516942305564881
8.199999809265137,8.526198358535767
5.440000057220459,5.809083623886109
11.140000343322754,11.378837528228761
6.550000190734863,6.9942382621765145
7.099999904632568,7.54092438697815
3.4600000381469727,3.4844316816329957
10.699999809265137,10.814251527786256
4.329999923706055,4.430331709384919
6.860000133514404,7.031736054420472
4.329999923706055,4.342485325336456
10.569999694824219,11.057830791473389
4.880000114440918,4.807720274925232
10.170000076293945,10.301827173233033
8.800000190734863,9.314348783493044
4.420000076293945,4.355529410839081
10.979999542236328,11.526103525161744
9.880000114440918,9.616144495010378
9.279999732971191,9.09776629447937
6.039999961853027,6.280627202987672
7.599999904632568,7.709923391342164
4.099999904632568,4.857340769767761
5.0,4.7053713750839234
5.800000190734863,5.556164975166322
9.600000381469727,10.234109363555909
9.670000076293945,9.919612369537354
8.640000343322754,8.979674015045168
6.5,6.526300344467164
7.300000190734863,7.190685148239137
9.699999809265137,10.035854854583741
9.199999809265137,9.755696945190431
9.800000190734863,9.563947067260743
3.509999990463257,3.357537543773651
8.720000267028809,9.156132259368897
9.729999542236328,10.086935377120973
9.670000076293945,9.675716180801393
3.869999885559082,3.9626632738113403
4.010000228881836,3.490685999393463
7.679999828338623,8.090541429519654
8.300000190734863,8.646251611709596
3.0299999713897705,2.6460386526584623
5.320000171661377,5.158157591819763
7.300000190734863,7.374809017181398
3.6700000762939453,3.825811076164246
9.199999809265137,9.454063529968263
4.21999979019165,4.1725539159774785
9.9399995803833,10.26931679725647
4.920000076293945,4.918859372138977
9.5,8.501025819778443
7.619999885559082,7.876008729934694
8.899999618530273,8.95787775039673
6.300000190734863,5.8409742069244395
3.5,3.3150548911094666
4.900000095367432,4.535455141067505
7.159999847412109,7.2940263557434095
9.800000190734863,9.641882514953615
8.329999923706055,8.653056554794313
6.789999961853027,5.981355390548707
4.25,4.234642152786255
9.920000076293945,10.364065246582033
3.059999942779541,3.0704402697086333
10.40999984741211,10.74717779159546
8.989999771118164,9.049439058303834
7.900000095367432,7.892840261459352
8.350000381469727,8.614909257888796
7.329999923706055,7.188561239242555
5.599999904632568,5.453902015686036
10.0,10.200784311294557
8.399999618530273,8.445430393218995
5.0,4.570316896438599
9.510000228881836,9.817568893432618
9.329999923706055,9.424654035568238
9.109999656677246,9.199729261398316
9.0,9.77177194595337
10.720000267028809,11.012672805786135
10.770000457763672,10.833886823654176
2.8499999046325684,2.716147457361221
7.949999809265137,7.666168565750123
5.150000095367432,5.138906631469727
3.4000000953674316,3.146220259666443
8.800000190734863,8.731852045059204
5.670000076293945,5.478623766899109
7.769999980926514,7.982009935379029
9.510000228881836,9.800884323120119
6.730000019073486,7.029988174438477
8.399999618530273,8.080532093048097
2.640000104904175,2.543842384815216
5.25,5.2240786409378055
4.510000228881836,4.470809140205383
3.799999952316284,3.4263030910491943
7.980000019073486,8.304305458068848
7.460000038146973,7.573800888061524
8.8100004196167,9.13896463394165
7.900000095367432,8.069052505493165
7.150000095367432,6.513638358116151
8.710000038146973,8.774297637939455
8.199999809265137,8.34309874534607
8.899999618530273,9.193519191741945
7.260000228881836,7.368818111419679
6.699999809265137,6.544603085517884
3.380000114440918,3.4783850264549256
7.670000076293945,7.711789798736573
3.799999952316284,3.2519943141937255
9.1899995803833,9.171580438613892
4.130000114440918,3.862416877746582
3.2100000381469727,3.126262927055359
9.819999694824219,10.021820697784426
7.5,7.716406936645509
3.9800000190734863,3.839777183532715
5.130000114440918,4.929333553314209
6.0,5.844594564437867
7.409999847412109,7.496752958297731
6.710000038146973,6.380477442741395
6.300000190734863,6.701327953338624
10.34000015258789,10.497074728012086
6.510000228881836,6.6034786224365245
7.869999885559082,7.949515533447267
3.4000000953674316,3.175017309188843
5.260000228881836,5.246564345359802
9.600000381469727,10.440306806564333
9.869999885559082,10.084034490585328
9.479999542236328,9.992882118225099
8.039999961853027,8.214238681793214
